Price,Close,High,Low,Open,Volume
Ticker,005930.KS,005930.KS,005930.KS,005930.KS,005930.KS
Date,,,,,
2020-01-02,47372.83984375,48059.40274003623,47201.199119678444,47630.30092985734,12993228
2020-01-03,47630.3125,48574.336711711716,47115.3902027027,48059.414414414416,15422255
2020-01-06,47630.3125,47716.132882882885,46857.92905405405,47115.3902027027,10278951
2020-01-07,47887.77734375,48402.69968077957,47716.13656474015,47801.95695424507,10009778
2020-01-08,48745.98046875,49260.90279764525,47973.596975407134,48231.05813985476,23501171
2020-01-09,50290.73046875,50290.73046875,49260.88615880973,50119.08975042662,24102579
2020-01-10,51063.12890625,51234.76967568277,50033.28428965336,50462.386213235295,16000170
2020-01-13,51492.21484375,51492.21484375,50719.83162109375,51148.93341145833,11359139
2020-01-14,51492.21484375,52350.41842447917,51406.39448567708,51835.49627604167,16906295
2020-01-15,50634.015625,51148.937817796614,50548.1952595339,51063.11745233051,14300928
2020-01-16,52092.95703125,52092.95703125,50634.01095294482,50719.831310492176,14381774
2020-01-17,52607.88671875,53208.62930770799,52350.42560919657,53122.80893785685,16025661
2020-01-20,53551.8984375,53895.17983774038,52951.15598707933,53208.61703725962,12528855
2020-01-21,52693.70703125,53551.910728827366,52522.06629173453,53208.62924979642,11142693
2020-01-22,53466.09375,53723.55487560193,51835.5066211878,51921.32699638844,15339565
2020-01-23,52178.7890625,53036.99282997532,52092.968685752465,53036.99282997532,14916555
2020-01-28,50462.37890625,50977.30113998724,50033.27704480229,50977.30113998724,23664541
2020-01-29,50719.8515625,51234.77391338832,50462.390387055835,50719.8515625,16446102
2020-01-30,49089.26171875,50462.38792067308,48745.98016826923,50462.38792067308,20821939
2020-01-31,48402.6953125,50119.102947695035,48402.6953125,49604.18065713652,19749457
2020-02-03,49089.26171875,49260.90249399038,47372.853966346156,47630.31512920673,23995260
2020-02-04,50548.1953125,50634.01567805603,48745.96763582343,49003.42873249151,21800192
2020-02-05,51063.12890625,51663.871599264705,50548.20659795168,51492.23082983193,19278165
2020-02-06,52436.25390625,52436.25390625,51234.76854669599,51578.05007799713,14727159
2020-02-07,51835.5078125,52522.070829884105,51234.765172288906,52436.25045271109,16402493
2020-02-10,51234.7734375,51320.59382851759,50719.85109139447,50805.67148241206,13107121
2020-02-11,51406.3984375,52092.96135486227,51234.757708159435,51320.57807282972,11071231
2020-02-12,51921.33203125,52092.97279829546,51234.768963068185,51749.69126420454,12904207
2020-02-13,52092.95703125,52865.34024917628,51921.31631615527,52522.05881898682,18449775
2020-02-14,53037.0,53122.820388349515,51663.87378640777,52264.61650485437,13276067
2020-02-17,52779.54296875,53208.64494410569,52522.08178353659,52865.36336382114,8740596
2020-02-18,51320.59765625,52264.62202785326,51234.77725883152,52178.80163043478,16674266
2020-02-19,51663.875,51835.5157807309,50977.31187707641,51320.593438538206,12951496
2020-02-20,51492.21484375,52607.87949869792,51148.93341145833,52092.95735026042,14591924
2020-02-21,50805.66796875,51320.59027924409,50204.92527317356,50462.38642842061,13777393
2020-02-24,48745.98046875,49861.6455146897,48745.98046875,49260.90279764525,25627537
2020-02-25,49689.99609375,49775.816466968914,48231.0497490285,48231.0497490285,23885408
2020-02-26,48488.5078125,48917.60965154867,48059.40597345133,48059.40597345133,25483102
2020-02-27,47973.59765625,48831.801549921736,47630.3160987813,48316.87921371869,23209541
2020-02-28,46514.640625,47630.30543703874,46514.640625,47201.20358625461,30054227
2020-03-02,47201.19921875,47630.30102982955,45999.714147727274,46600.45668323864,30403412
2020-03-03,47544.48046875,48831.78589660424,47287.01938317915,48660.14517289034,30330295
2020-03-04,49260.89453125,49432.53527874564,46857.924066310974,47029.56481380662,24765728
2020-03-05,49604.17578125,49775.81652789793,48660.15167468642,49432.53503460208,21698990
2020-03-06,48488.5078125,49089.25038716814,48231.0467090708,48488.5078125,18716656
2020-03-09,48488.5078125,48488.5078125,48488.5078125,48488.5078125,0
2020-03-10,46857.91796875,47115.37905649038,46085.534705528844,46171.35506810898,32106554
2020-03-11,44712.4140625,46686.28262955854,44626.593690019195,46600.462257077736,45707281
2020-03-12,44712.4140625,44712.4140625,44712.4140625,44712.4140625,0
2020-03-13,42867.27734375,44283.31353228228,40206.84571681056,40721.76796718594,59462933
2020-03-16,41966.16796875,43682.57565663344,41880.347584355826,42996.01258148006,33339821
2020-03-17,40593.03515625,42609.81385851612,40078.11293439482,40249.75367501321,51218151
2020-03-18,39134.0859375,41494.14594469572,39134.0859375,40979.22376130757,40152623
2020-03-19,36859.85546875,40035.20972333381,36302.02296456636,39820.65876018626,56925513
2020-03-20,38962.45703125,39048.27742118668,37374.779817421535,37889.702157041575,49730008
2020-03-23,36473.66015625,37374.77411305147,36387.83977941176,36559.48053308824,41701626
2020-03-24,40292.66796875,40292.66796875,36945.67318540336,37632.23621788472,49801908
2020-03-25,41751.609375,42566.902877697845,40464.30384442446,42009.07048111511,52735922
2020-03-26,41022.1484375,42309.454350810665,40936.32804327929,42051.99316814853,42185129
2020-03-27,41451.24609375,42652.731487771736,40206.85050708462,42566.91110248447,39896178
2020-03-30,41368.2578125,41800.52800907785,40244.3553013976,40676.625497975445,26797395
2020-03-31,41281.78515625,41930.19015870419,40763.06115428665,41497.92015706807,30654261
2020-04-01,39595.94140625,41411.47583754094,39595.94140625,41022.432745121456,27259532
2020-04-02,40460.4765625,40503.70356737447,39206.89342114049,39941.752504006414,21621076
2020-04-03,40633.375,41152.098936170216,40244.33204787234,40979.19095744681,22784682
2020-04-06,42103.10546875,42189.55948408624,40849.52224637449,41065.65728471509,23395726
2020-04-07,42881.19921875,43399.92340284778,42362.47503465222,42924.42623409148,31524034
2020-04-08,42016.65625,43010.877539866255,42016.65625,42881.19650205762,25010314
2020-04-09,42448.92578125,43054.103949210796,42103.10968527241,43010.876937213594,22628058
2020-04-10,42578.59375,42578.59375,42059.869765228425,42319.231757614216,17839111
2020-04-13,41757.29296875,42276.01710500776,41757.29296875,42059.882048233696,14431800
2020-04-14,42362.46875,42535.37678571429,41757.290625,42189.56071428572,14206216
2020-04-16,42362.46875,42665.0578125,41973.42566964286,42665.0578125,23349760
2020-04-17,44437.359375,44956.08341439688,43486.36530277237,43918.63533560311,32041675
2020-04-20,43313.46484375,44437.36712512475,43227.01082210579,44437.36712512475,21866354
2020-04-21,42578.59375,42967.63673857868,42103.09676395939,42708.274746192896,27407543
2020-04-22,43097.328125,43227.00915245737,41800.51785042628,42103.10691449348,18613864
2020-04-23,43097.328125,43486.37120737212,42794.7390609328,43399.9171890672,18754442
2020-04-24,42665.0390625,43010.854981952885,42362.45013297872,42924.40100208967,15618347
2020-04-27,43097.328125,43227.00915245737,42448.922987713144,42665.05803347543,14049471
2020-04-28,43313.46484375,43313.46484375,42621.832670596305,43097.32978963947,16095399
2020-04-29,43227.0078125,43659.277890625,42881.19175,43140.553796875,15604533
2020-05-04,41930.1953125,42448.91937822165,41930.1953125,42276.01135631443,26083749
2020-05-06,42535.3828125,42535.3828125,41930.204601753045,42362.47475228658,18070225
2020-05-07,42189.5625,42621.832607581964,42103.108478483606,42535.37858606558,13884411
2020-05-08,42189.5625,42665.059618340165,42189.5625,42448.92456454918,15319700
2020-05-11,41843.74609375,42578.60527101627,41757.29207289514,42276.01619802428,16357743
2020-05-12,41411.48046875,41930.204649986954,41108.891363028444,41843.75061978079,23433590
2020-05-13,41973.42578125,41973.42578125,40806.29653707518,40849.52354611869,20223277
2020-05-14,41497.921875,41584.37587890625,41195.33286132813,41281.786865234375,19305974
2020-05-15,41368.2578125,41886.982048393416,41238.57675352664,41843.75502873563,18463118
2020-05-18,42189.5625,42448.92456454918,41152.114241803276,41454.70331711065,20481981
2020-05-19,43486.36328125,43659.27128634443,42967.6392659667,43313.45527615557,25168295
2020-05-20,43227.0078125,43399.91584375,43054.09978125,43227.0078125,14896899
2020-05-21,43183.78125,43572.82432432433,43097.327233483484,43486.37030780781,14949266
2020-05-22,42146.32421875,43054.091201923075,42016.64322115384,42881.1832051282,19706284
2020-05-25,42232.78515625,42276.012162551175,41886.96910584058,42146.33114364764,14337913
2020-05-26,42578.59375,42751.50174492386,42016.64276649746,42103.09676395939,15127490
2020-05-27,43140.55078125,43227.00479083166,42189.5566758517,42319.237690224196,19548479
2020-05-28,43572.82421875,44264.456349206346,43140.55413721478,44178.002332899305,31309318
2020-05-29,43832.17578125,43832.17578125,42967.63582501232,43226.99781188363,27596961
2020-06-01,44264.45703125,44264.45703125,43745.73292541504,43918.64096069336,16949183
2020-06-02,44437.359375,44523.81338156615,43918.63533560311,44091.54334873541,14247933
2020-06-03,47117.4453125,47549.71545298165,44696.73252580275,44783.18655389908,49257814
2020-06-04,47203.890625,49278.78691620879,47203.890625,48241.338770604394,40220334
2020-06-05,47981.98046875,48327.79654420045,46685.17018581081,47030.98626126126,22743629
2020-06-08,47463.25390625,48846.51813666894,47290.34587744764,48760.064122267766,25634965
2020-06-09,47981.98046875,48846.520657376124,47030.98626126126,48241.34252533784,23998831
2020-06-10,47895.515625,48327.78562161552,47463.24562838447,47636.15362703068,16742493
2020-06-11,46944.51953125,47636.151494877995,45993.52558126151,47117.427522157,33815123
2020-06-12,45215.44921875,45647.719287762906,44523.81710832935,45042.54119114484,26976019
2020-06-15,43140.55078125,44956.08498246493,43140.55078125,44437.36092497495,28772921
2020-06-16,45042.5390625,45042.5390625,43745.72891674664,44264.452975047985,21808375
2020-06-17,45128.99609375,45734.17420228688,44350.90995420259,45042.54207824473,26672595
2020-06-18,45215.44921875,45215.44921875,44610.27112213193,45128.99520494742,15982926
2020-06-19,45734.171875,45734.171875,44610.26973062382,45474.80984168242,18157985
2020-06-22,44956.09375,45474.81790865385,44783.18569711539,44956.09375,13801350
2020-06-23,44437.359375,45647.71546692607,44177.99735530155,45388.35344722762,18086152
2020-06-24,45734.171875,46598.7119860586,44610.26973062382,44869.631763941405,24519552
2020-06-25,44869.6328125,45820.62695688825,44869.6328125,45042.54083875241,18541624
2020-06-26,46079.9921875,46598.71630218105,45128.997977251405,45647.72209193245,21575360
2020-06-29,45604.7890625,46301.045384064884,45256.66090171756,45691.821102695605,17776925
2020-06-30,45952.91796875,46910.27042643229,45952.91796875,46910.27042643229,21157172
2020-07-01,45778.859375,46649.179895437264,45604.795270912546,46475.11579134981,16706143
2020-07-02,46039.953125,46039.953125,45343.69674503781,45343.69674503781,14142583
2020-07-03,46649.16796875,46649.16796875,45865.879700618,46126.97578999534,11887868
2020-07-06,47867.6171875,47867.6171875,46823.2328125,46997.296875,19856623
2020-07-07,46475.109375,48650.910375702246,46475.109375,48563.878335674155,30760032
2020-07-08,46126.98828125,46910.27676149764,46039.95622788915,46649.18060141509,19664652
2020-07-09,45952.91796875,46649.17430160985,45952.91796875,46301.046135179924,17054850
2020-07-10,45865.88671875,46301.04693429791,45517.75854631167,46214.01489118833,13714746
2020-07-13,46475.109375,46823.237535112356,46214.01325491573,46388.07733497191,12240188
2020-07-14,46823.2421875,46823.2421875,46301.04989544609,46736.210138824346,14269484
2020-07-15,47606.53125,47867.62739945155,47258.403050731264,47345.43510054844,24051450
2020-07-16,46823.2421875,47693.5626742565,46823.2421875,47693.5626742565,16779127
2020-07-17,47345.4296875,47606.52580710018,47084.33356789981,47171.365607766544,10096174
2020-07-20,47171.3671875,47693.55944418819,46997.30310193727,47693.55944418819,10507530
2020-07-21,48128.71875,48215.75079113924,47693.55854430379,48041.686708860754,18297260
2020-07-22,47606.53125,48302.78764853748,47606.53125,48128.72354890311,12885057
2020-07-23,47084.3359375,47606.52820298059,46823.2398047597,47606.52820298059,16214932
2020-07-24,47171.3671875,47345.43127306273,46736.20697359317,46997.30310193727,10994535
2020-07-27,48389.8203125,48476.85236342176,47258.40365051709,47258.40365051709,21054421
2020-07-28,51000.76953125,51174.83359108362,49086.064873080206,49608.25705258106,48431566
2020-07-29,51348.90234375,52567.350873940675,51000.77419226695,52480.31883606991,36476611
2020-07-30,51348.90234375,52306.25476032839,51348.90234375,51958.12660884534,19285354
2020-07-31,50391.55859375,51871.10349201209,50217.49448807211,51784.071439173145,21943345
2020-08-03,49434.20703125,50391.5596322073,49347.17497661751,50304.52757757482,21158940
2020-08-04,49869.36328125,50565.61966214005,49608.26713841623,49782.331233638746,19419694
2020-08-05,49521.24609375,50043.438495441565,48999.053692058435,49869.374361544375,17739706
2020-08-06,50478.59765625,50826.72591594828,49695.30907192888,49695.30907192888,21625874
2020-08-07,50043.42578125,50826.71418478261,49695.29760190217,50391.55396059783,18751717
2020-08-10,50304.51953125,50739.67973480753,50043.42340911548,50130.455449826986,17774291
2020-08-11,50652.6484375,51784.06498335481,50304.52026954467,50478.58435352233,24907912
2020-08-12,51348.90234375,51348.90234375,50217.48585143009,50652.6460407839,18573934
2020-08-13,51087.80859375,51871.096970826235,50478.58430046849,51697.03288703152,22089460
2020-08-14,50478.59765625,50826.72591594828,50217.50146147629,50478.59765625,15672548
2020-08-18,50826.71484375,52132.19553322988,50478.5866598887,51261.87507357663,25307825
2020-08-19,50304.51953125,51522.968101211074,50304.51953125,51348.90401978806,16930719
2020-08-20,48215.74609375,50130.450812274365,48128.7140610898,50130.450812274365,30386029
2020-08-21,48650.921875,49521.24248099284,48563.88981440071,48912.01805679785,21142288
2020-08-24,48824.98046875,49260.140722482174,48215.756113524956,48563.884316510695,15055896
2020-08-25,49086.078125,49434.20633865248,48824.98196476064,49086.078125,14021705
2020-08-26,49086.078125,49173.110178413124,48476.85375110816,49086.078125,17651593
2020-08-27,48389.8203125,48999.04466895234,48389.8203125,48999.04466895234,16196568
2020-08-28,48215.74609375,48999.03438769178,48215.74609375,48824.97032237139,14619888
2020-08-31,46997.30078125,48824.97358940972,46997.30078125,48737.94155092593,32671367
2020-09-01,47171.3671875,47693.55944418819,47084.335144718636,47084.335144718636,19363117
2020-09-02,47345.4296875,47954.65396656709,47084.33356789981,47519.493767233456,16905723
2020-09-03,49086.078125,49347.174285239365,48302.78964428192,48389.821697695035,28384920
2020-09-04,48389.8203125,48563.88441434353,47954.66005789119,48041.69210881295,22139109
2020-09-07,49173.1015625,49869.35786780974,48563.87729535398,48824.97340984514,18685880
2020-09-08,51087.80859375,51087.80859375,49782.32796528961,49956.39204908433,31517520
2020-09-09,50826.71484375,51610.00325743793,50304.52256795805,50652.650751819354,30597399
2020-09-10,51522.9765625,52219.23300253379,51435.94450749578,52132.20094752956,29923293
2020-09-11,51348.90234375,51697.03049523305,50652.6460407839,51609.998457362286,16017098
2020-09-14,52567.35546875,52915.48365066225,52132.19524135969,52393.291377793874,20648281
2020-09-15,53089.5546875,53089.5546875,52654.39440317623,53002.52263063525,17877075
2020-09-16,53089.5546875,53350.65085809427,52741.42646004099,53176.58674436476,17041444
2020-09-17,51784.07421875,52915.490966386555,51610.01010372899,52828.45890887605,25108356
2020-09-18,51610.0078125,52132.20013438027,51435.94370520658,52045.16808073356,18884571
2020-09-21,51522.9765625,52219.23300253379,51348.91245249155,51435.94450749578,15140387
2020-09-22,50652.6484375,51958.12906733247,50304.52026954467,51435.93681539948,20830381
2020-09-23,51000.76953125,51174.83359108362,49956.385172248294,50826.70547141638,20111398
2020-09-24,50304.51953125,51000.77585694204,50130.455449826986,50217.48749053849,17564020
2020-09-25,50391.55859375,50652.65475226684,50217.49448807211,50217.49448807211,11444683
2020-09-28,50964.24609375,51489.65069265464,50701.543794297686,51051.813526900776,12614080
2020-09-29,50964.24609375,51664.78555895619,50964.24609375,51051.813526900776,15503563
2020-10-05,51402.08203125,51839.91918654174,50351.27285854983,50351.27285854983,20228289
2020-10-06,51664.78125,52452.88808262712,51402.078972457624,52015.05095338983,14463826
2020-10-07,52452.890625,52452.890625,51226.946603714525,51402.08146389816,14861838
2020-10-08,52277.765625,53153.4400910804,52102.63073178392,52978.30519786432,24589924
2020-10-12,52890.73046875,52890.73046875,52452.89329599545,52540.46073054636,16145837
2020-10-13,53328.5703125,53766.4075071839,52890.73311781609,53416.13775143678,19247631
2020-10-14,53328.5703125,53503.70519037356,52978.300556752874,53416.13775143678,16086716
2020-10-15,52540.453125,53240.9925,52277.750859374995,53153.425078124994,17756232
2020-10-16,52102.62890625,52890.73589810925,51664.791688550424,52540.46612394958,16554190
2020-10-19,52540.453125,52715.58796875,52102.616015625,52190.183437499996,14474985
2020-10-20,53328.5703125,53328.5703125,52628.03080100574,52803.16567887931,19326115
2020-10-21,53328.5703125,53853.97494612069,53065.86799568965,53591.27262931034,15703443
2020-10-22,52628.03125,52978.30100873544,52365.328930948424,52803.166129367724,14294095
2020-10-23,52715.60546875,52890.740370639534,52365.33566497093,52890.740370639534,9322232
2020-10-26,52890.73046875,53503.702510606374,52628.02816509727,52890.73046875,13268226
2020-10-27,52365.3359375,52803.17319450251,52102.6335832985,52803.17319450251,17260416
2020-10-28,51664.78125,52015.05095338983,51489.646398305085,52015.05095338983,14428882
2020-10-29,50876.68359375,51226.95336031626,50351.2789439006,50964.25103539157,22636966
2020-10-30,49563.16796875,50789.112052782686,49563.16796875,50789.112052782686,26907844
2020-11-02,50263.70703125,50351.27446510235,49037.76295731707,49388.03269272648,20489076
2020-11-03,51489.6484375,51577.21586681547,50438.83928571428,50701.54157366071,14950919
2020-11-04,51226.9453125,51664.78245192308,50613.9733173077,51577.215024038465,21718561
2020-11-05,52803.1640625,52803.1640625,51489.652518656716,51664.78739116915,20639475
2020-11-06,52628.03125,53241.003327787024,52190.1940515807,53153.435888103166,16910230
2020-11-09,52715.60546875,53328.577625363374,52628.03801780524,53153.44272347384,15892961
2020-11-10,52715.60546875,52978.307821584305,52102.633312136626,52978.307821584305,19073552
2020-11-11,53678.8359375,53766.4033696982,52890.729047716144,53153.43134431076,25628510
2020-11-12,53416.140625,53766.41039959017,53153.43829405738,53416.140625,19800573
2020-11-13,55342.625,55342.625,53416.14121835443,53678.84355221519,31508829
2020-11-16,58057.203125,58407.47282711161,55955.58491233031,56043.15233785822,36354334
2020-11-17,57531.8046875,58670.18134037291,57444.237252663625,58670.18134037291,30204089
2020-11-18,56743.69140625,57969.63535638503,56656.12398124036,57531.798231336805,22963790
2020-11-19,56568.55078125,56743.685613390095,55955.57886875968,56130.713700899774,16590290
2020-11-20,56656.12109375,57093.95819648377,55955.58172937597,55955.58172937597,15068682
2020-11-23,59108.0234375,59370.725763888884,56656.135057870364,56743.7025,27134398
2020-11-24,59283.14453125,60859.35812292282,58670.17257893279,59458.279374769205,32158235
2020-11-25,58319.90625,59808.552505630636,58232.3388231982,59458.282798423425,32447065
2020-11-26,59545.85546875,59545.85546875,57794.50677849265,57882.074213005515,19023323
2020-11-27,59721.0,59896.13489736071,59195.595307917894,59545.8651026393,14063434
2020-11-30,58407.46484375,60071.24570136806,58407.46484375,59896.11087425037,43811016
2020-12-01,59370.72265625,59808.55984398045,58757.75059342736,58757.75059342736,22327173
2020-12-02,60859.3671875,61209.636926708634,59808.5579698741,59896.125404676255,29703942
2020-12-03,61034.51953125,61735.05921023135,60684.24969175933,61384.78937074068,23677989
2020-12-04,62610.71875,63136.12338286713,61384.77460664336,61647.47692307692,28130533
2020-12-07,63836.67578125,64362.080520190335,62961.001216349454,63398.83849879973,28490496
2020-12-08,62785.8359375,63836.64490716527,62698.26852336122,63223.67300819386,25000338
2020-12-09,64712.3515625,64712.3515625,63048.5698579161,63136.1373160521,24077996
2020-12-10,63836.67578125,64624.7828896605,63486.40595528978,63661.54086826989,39882928
2020-12-11,64274.48828125,64624.75797215599,64011.7860130705,64362.0557039765,18486672
2020-12-14,64624.7734375,65237.74554327575,64099.3687754065,64449.6385501355,21510415
2020-12-15,64624.7734375,64887.47576854675,64186.936219088755,64624.7734375,20863671
2020-12-16,64624.7734375,65237.74554327575,64274.50366277101,64887.47576854675,17512081
2020-12-17,64186.91796875,64537.18764388643,63573.94603726125,64274.48538753411,24293214
2020-12-18,63924.23046875,64537.202541738014,63924.23046875,64186.932785744866,17613029
2020-12-21,63924.23046875,64274.500224743155,63048.55607876713,64011.79790774829,20367355
2020-12-22,63311.24609375,64099.352891597504,63136.111249783884,63486.38093771611,16304910
2020-12-23,64712.3515625,64799.919020636,63311.27223232409,63398.83969046008,19411326
2020-12-24,68127.46875,69003.143155527,64799.90600899743,64887.473449550125,32502870
2020-12-28,68915.578125,70141.52233560992,68477.74090692503,69178.28045584499,40085044
2020-12-29,70290.84375,70829.47090517242,69393.13182471265,70739.69971264368,30339449
2020-12-30,72714.703125,72984.01684027778,69393.16730324074,69482.93854166666,29417421
2021-01-04,74510.1328125,75766.93023343374,71996.53797063253,72714.7079254518,38655276
2021-01-05,75318.0546875,75318.0546875,73253.31659713945,73253.31659713945,35335669
2021-01-06,73791.953125,75856.69147277981,73702.18189248783,74779.43668263382,42089013
2021-01-07,74420.34375,75587.36964716527,74240.80130428227,74330.57252714114,32644642
2021-01-08,79716.859375,80794.11423141892,74510.12756897522,74779.44128307996,59013307
2021-01-11,81691.8125,86898.54340659341,80345.24416208791,80794.10027472528,90306177
2021-01-12,81332.71875,82050.88845198676,78819.12479304636,81063.40511175497,48682416
2021-01-13,80524.7890625,81871.35744147157,79986.16171091137,80614.56028776478,36068848
2021-01-14,80524.7890625,80794.10273829431,79627.07680985228,79627.07680985228,26393970
2021-01-15,78998.6875,82409.99446022727,78998.6875,80614.56974431817,33431809
2021-01-18,76305.5390625,78370.27717830882,75497.59806066177,77741.87862132353,43227951
2021-01-19,78100.9609375,78998.6731321839,75048.73947557471,75856.68045079023,39895044
2021-01-20,78280.5,79896.38188073394,77652.10149082569,79896.38188073394,25211127
2021-01-21,79088.46875,79537.32498581157,77652.12879540295,78549.8412670261,25318011
2021-01-22,77921.40625,80524.77120535714,77921.40625,79896.37276785714,30861661
2021-01-25,80255.46875,80704.32483920582,77472.56099692393,78100.95952181208,27258534
2021-01-26,77831.6328125,80075.9128820646,77652.09040693483,79716.82807093427,33178936
2021-01-27,76844.15625,78729.35167202103,76844.15625,77741.86835572429,26423070
2021-01-28,75138.515625,76844.16890681004,74689.65949820788,74689.65949820788,31859808
2021-01-29,73612.40625,76305.54306402439,73612.40625,75856.68692835365,39615978
2021-02-01,74510.1328125,74869.21778990964,72714.7079254518,73343.10663591868,28046832
2021-02-02,75766.90625,77562.33056872038,75138.50773844786,75497.59260219194,26302077
2021-02-03,75946.4453125,76664.61500812648,74869.19076906028,76125.98773640662,22112205
2021-02-04,74061.2421875,75228.2678219697,73702.15737689394,74958.95421401515,24171688
2021-02-05,74958.9765625,75407.83270958083,74061.26426833832,74599.89164483533,18036835
2021-02-08,74510.1328125,75587.38774472891,74510.1328125,75228.30276731928,15338765
2021-02-09,74240.7890625,76125.98443168077,74240.7890625,75407.81476723096,20898332
2021-02-10,73253.328125,74151.04047947304,73253.328125,74151.04047947304,23025766
2021-02-15,75587.3671875,75856.68084731295,74779.42620806117,75228.28230774941,23529706
2021-02-16,76215.75,77203.2332155477,75587.351590106,75856.6651943463,20483100
2021-02-17,74689.65625,75587.36846454327,74510.11380709134,75318.05480018028,18307735
2021-02-18,73702.171875,75048.74017965895,73702.171875,74689.65529841656,21327683
2021-02-19,74151.015625,74330.55803571429,72714.67633928571,73881.70200892857,25880879
2021-02-22,73791.953125,75587.37777524331,73791.953125,75228.29284519465,25419886
2021-02-23,73612.40625,74420.34729420731,72804.46520579267,72894.23643292683,20587314
2021-02-24,73612.40625,75048.74588414634,72984.00766006098,73432.8637957317,26807651
2021-02-25,76574.84375,76664.61496189918,74510.10587631888,75407.81799531067,34155986
2021-02-26,74061.2421875,74869.18301136364,73612.38617424242,74330.55579545454,38520800
2021-03-02,75048.7421875,76574.85297360945,74510.11485122608,76395.31052818481,33498180
2021-03-03,75407.84375,75407.84375,74330.58883928572,74958.98753720238,19882132
2021-03-04,73971.4921875,74689.6620145631,73791.94973073422,74151.03464426578,24348331
2021-03-05,73702.171875,74151.02797655298,72804.45967189403,72804.45967189403,20508971
2021-03-08,73612.40625,74510.11852134146,73253.32134146341,74420.34729420731,17641256
2021-03-09,73073.78125,73522.63740018428,72355.61140970516,73073.78125,25420764
2021-03-10,72624.9140625,74061.25352479913,72445.37162971261,73971.48230840544,20038422
2021-03-11,73612.40625,74061.26238567072,72714.69397865853,72714.69397865853,23818297
2021-03-12,74330.578125,74958.97673233696,73971.49320652174,74599.8918138587,13530573
2021-03-15,73432.8671875,74420.35073158618,73432.8671875,74330.57950030563,13735798
2021-03-16,74330.578125,74510.12058423914,73702.17951766304,73791.95074728261,12293537
2021-03-17,73881.734375,74420.3618431045,73612.42064094776,74330.59059842041,11625146
2021-03-18,74420.34375,75228.2847557298,74151.0300814234,74330.57252714114,18585244
2021-03-19,73522.625,74061.2522893773,73432.85378510378,73702.16742979243,15869700
2021-03-22,73612.40625,73881.71993140243,73343.09256859755,73612.40625,12670506
2021-03-23,73432.8671875,74420.35073158618,73432.8671875,74151.03703774449,13299907
2021-03-24,72714.703125,73253.33055555556,72445.38940972222,72714.703125,17926638
2021-03-25,72894.25,73702.19119458129,72535.16502463055,72714.70751231528,14758826
2021-03-26,73163.5546875,73253.3259202454,72714.69852377301,73073.78345475461,12845778
2021-03-29,73253.328125,73343.0993604473,72714.70071231617,73343.0993604473,14952134
2021-03-30,74119.859375,74210.02952022506,73308.32806797445,73578.83850364963,13121698
2021-03-31,73398.5,74570.7119164619,73398.5,74300.20147420147,17240518
2021-04-01,74751.046875,74841.21701598311,73939.51560615198,74390.36631106754,18676461
2021-04-02,76464.2890625,76824.96967128538,75652.7576927329,75742.92784492925,22997538
2021-04-05,77005.2890625,77546.30982874708,76464.26829625294,77365.96957333139,16255990
2021-04-06,77546.3203125,77726.66059229651,76734.7890534157,77726.66059229651,19042023
2021-04-07,77185.625,77726.6457359813,77005.28475467289,77636.47561331776,17885538
2021-04-08,76374.1171875,77275.81868912338,75833.09628652596,77275.81868912338,19244259
2021-04-09,75382.234375,76554.4461535586,75201.8941013756,76374.1058799342,18193707
2021-04-12,75021.5546875,75833.08592810998,74931.38454965445,75833.08592810998,12915282
2021-04-13,75742.9296875,76193.78045944941,74660.88783482143,74841.22814360118,15238206
2021-04-14,75742.9296875,76013.44015066964,75201.90876116071,75742.9296875,13794652
2021-04-15,75833.09375,76193.77433858502,75201.90271997622,75472.41316141498,16377412
2021-04-16,75652.7421875,76374.10325722587,75382.2317863528,76374.10325722587,15429522
2021-04-19,75111.7265625,75742.9175420168,75111.7265625,75562.57726215487,15287311
2021-04-20,75652.7421875,75742.91232121573,74931.38111777413,75111.7213852056,15521965
2021-04-21,74480.5234375,75292.05456454298,74390.353312273,75111.71431408898,21636079
2021-04-22,74300.1953125,74841.21615215413,74300.1953125,74751.04601221177,13934746
2021-04-23,74660.8828125,74751.05296082428,73578.8410326087,73849.35147758153,17805080
2021-04-26,75292.0703125,75292.0703125,74480.53901571856,74751.04944797904,15489938
2021-04-27,74751.046875,75111.72743893244,74390.36631106754,75021.55729794933,12941533
2021-04-28,74029.6796875,75021.55115712546,74029.6796875,75021.55115712546,15596759
2021-04-29,73669.0,74390.36107711139,73488.65973072215,74300.19094247246,20000973
2021-04-30,73488.671875,74029.69277223926,73488.671875,73849.35247315951,18673197
2021-05-03,73669.0,74300.19094247246,73037.80905752754,73037.80905752754,15710336
2021-05-04,74480.5234375,74480.5234375,73759.16243568402,73849.33256091102,12532550
2021-05-06,74210.0390625,74210.0390625,73669.01812158263,73669.01812158263,17047511
2021-05-07,73849.3359375,74029.67619619964,73488.65542010074,73759.16580815018,14154882
2021-05-10,75021.5546875,75292.06510103666,73759.17275766227,74210.02344689003,19385027
2021-05-11,73218.171875,74480.5541487069,73128.00171259236,74390.38398629926,28996680
2021-05-12,72136.1171875,73218.1589453125,71955.77689453126,72857.478359375,35812268
2021-05-13,70783.5546875,71775.42615445859,70693.38455414012,71144.23522093949,31490096
2021-05-14,72226.2734375,72406.61369577091,71144.23188787453,71234.40201700998,16450920
2021-05-17,71775.4296875,72947.64147887877,71414.74913630653,72857.4713410804,17740855
2021-05-18,71775.4296875,72136.11023869347,71324.57899850816,71775.4296875,17494407
2021-05-20,71685.265625,71865.6059158805,71324.58504323899,71595.09547955975,16541828
2021-05-21,72226.2734375,73488.65524539638,71955.76305009364,72226.2734375,20961714
2021-05-24,71865.6015625,72496.7925423463,71685.26128254391,72226.28212241217,13398666
2021-05-25,72045.9375,72496.7881727159,71955.76736545682,72136.10763454318,13628942
2021-05-26,71955.765625,72586.95655153508,71865.59549263785,72496.78641917293,11984359
2021-05-27,71775.4296875,72136.11023869347,71324.57899850816,72136.11023869347,23198510
2021-05-28,72226.2734375,72496.78382490636,71595.0825335518,71955.76305009364,12360199
2021-05-31,72586.9765625,72677.14671972049,71775.44514751552,72406.636248059,13321324
2021-06-01,72677.140625,73308.33167261166,72226.28987670595,72586.9704753412,14058401
2021-06-02,72857.4765625,73398.49742806311,72406.6258411974,72496.79598545792,16414644
2021-06-03,74660.8828125,74841.22310914856,73127.99029098732,73308.33058763588,29546007
2021-06-04,74119.859375,74570.71010112531,73488.66835842458,74570.71010112531,18112259
2021-06-07,73849.3359375,74660.86710164836,73578.82554945056,74570.69697229854,16496197
2021-06-08,73849.3359375,74480.52684294872,73759.16580815018,74210.01645489928,12781226
2021-06-09,73127.984375,73939.51564426634,73127.984375,73488.66493911837,14908823
2021-06-10,73037.828125,73398.50875771606,72947.65796682099,73308.33859953703,17586995
2021-06-11,73037.828125,73669.0192322531,72767.31765046297,73218.16844135802,14087962
2021-06-14,72586.9765625,72947.657191382,72586.9765625,72857.48703416149,10550078
2021-06-15,72947.640625,73218.15103522867,72677.13021477133,72947.640625,10075685
2021-06-16,73759.1796875,73849.34983381724,73127.98866327934,73488.66924854829,14999855
2021-06-17,72947.640625,73308.32117197158,72767.30035151422,73127.98089848578,14007385
2021-06-18,72586.9765625,73127.99750582298,72586.9765625,73127.99750582298,14916721
2021-06-21,72045.9375,72136.10763454318,71775.42709637046,71865.59723091364,16063340
2021-06-22,72136.1171875,72406.62762695312,72045.94704101562,72316.45748046876,11773365
2021-06-23,72226.2734375,72677.12408317727,72045.93317922909,72586.95395404182,13856548
2021-06-24,73218.171875,73398.51219981528,72226.30008851601,72496.81057573891,18771080
2021-06-25,73578.84375,73849.35420496324,73218.16314338235,73488.67359834559,13481405
2021-06-28,73849.3359375,73939.50606684982,73578.82554945056,73668.99567880036,11578529
2021-06-29,73361.1796875,74357.44262152778,73180.04097222222,74176.30390625,15744317
2021-06-30,73089.46875,73723.45422862454,73089.46875,73451.74616635688,13288643
2021-07-01,72546.0546875,72998.90147081773,72455.48533083645,72908.33211415418,13382882
2021-07-02,72455.484375,72817.761796875,72364.91501953125,72455.484375,8753097
2021-07-05,72817.7578125,73180.03521455223,72455.48041044777,72546.04976096081,8330969
2021-07-06,73542.3203125,73542.3203125,72908.33479256465,72998.90415255542,12131651
2021-07-07,73180.03125,73632.87797803218,72727.18452196782,73542.30863242575,15992202
2021-07-08,72364.9140625,73542.31566802254,72364.9140625,73451.74631375157,16660998
2021-07-09,71912.0703125,72274.34774480478,71549.79288019521,72093.20902865239,22720577
2021-07-12,72183.78125,72455.48933500628,72002.64252666249,72364.91997333751,9768108
2021-07-13,72274.34375,72636.6211622807,72274.34375,72455.48245614035,9863450
2021-07-14,72002.640625,72093.20998427672,71640.36318789308,71912.07126572327,11575636
2021-07-15,72998.8984375,72998.8984375,72002.63555559864,72274.34361429901,13766279
2021-07-16,72274.34375,72546.05180921053,72002.63569078948,72546.05180921053,10859399
2021-07-19,71549.78125,71730.91993670886,71368.64256329114,71640.35059335442,13155414
2021-07-20,71549.78125,71549.78125,71006.36518987341,71096.93453322785,12456646
2021-07-21,71096.9296875,71640.34571058917,71096.9296875,71549.77637340764,12355296
2021-07-22,72183.78125,72274.35061166876,71459.22635664993,71549.7957183187,12618790
2021-07-23,71821.4921875,72364.90826962485,71730.9228404792,72183.76957558324,9098910
2021-07-26,71368.65625,72002.64177506346,71368.65625,71912.0724143401,10040975
2021-07-27,71096.9296875,71912.05372213376,71096.9296875,71730.9150477707,11427693
2021-07-28,71730.9296875,71730.9296875,70734.66677517361,70915.80548650568,12743417
2021-07-29,71549.78125,71912.05862341772,71368.64256329114,71368.64256329114,14360453
2021-07-30,71096.9296875,71459.20703622611,71096.9296875,71459.20703622611,13823411
2021-08-02,71821.4921875,72002.63088154161,71278.07610537516,71730.9228404792,11739124
2021-08-03,73723.4609375,73723.4609375,71821.5043285473,71912.07369087837,24339360
2021-08-04,75081.9921875,75263.13089000301,74085.72932373342,74448.00672873945,25642368
2021-08-05,74357.4375,75444.26971680876,74266.86814859927,75444.26971680876,18485469
2021-08-06,73814.0234375,74719.71697661043,73632.88472967791,74176.30085314417,13342623
2021-08-09,73814.0234375,74538.57826878835,73270.60731403374,73814.0234375,15522581
2021-08-10,72636.6171875,74629.14284600997,72546.04783938591,74538.57349789588,20362639
2021-08-11,71096.9296875,72274.33107085987,71096.9296875,72093.19239649682,30241137
2021-08-12,69738.40625,70825.23855519481,69647.83689123376,69828.97560876624,42365223
2021-08-13,67383.5859375,68832.6953125,67111.8779296875,68651.556640625,61270643
2021-08-17,67202.4609375,68017.58512676887,67021.32222877358,67021.32222877358,30944847
2021-08-18,66930.765625,67564.75122631935,66206.2106520636,66930.765625,29192631
2021-08-19,66206.203125,67383.60482216142,66206.203125,66568.48057028044,22166298
2021-08-20,65843.921875,66930.7541480399,65662.78316282669,66568.47672369325,22364803
2021-08-23,66387.3359375,67021.32141030014,66115.6278777285,66387.3359375,19384648
2021-08-24,68470.4375,68561.00686177248,66930.75834986773,66930.75834986773,21016913
2021-08-25,68560.9921875,69376.11626898944,67836.43744839828,69013.83889943858,22319664
2021-08-26,67564.734375,69013.8439594504,67564.734375,68923.27461042226,16671494
2021-08-27,67293.046875,67927.03251177658,66840.19999158816,67293.046875,15172748
2021-08-30,67564.734375,68379.85851625336,67202.4569788874,68289.2891672252,12686999
2021-08-31,69466.703125,69466.703125,67293.03835968058,67836.45455101042,24630370
2021-09-01,69557.2734375,69828.98153686523,68742.1491394043,69466.70407104492,16114775
2021-09-02,68832.703125,69557.25789473685,68560.99508634869,69557.25789473685,15347486
2021-09-03,69376.125,69466.6943537859,68832.7088772846,69194.9862924282,12096419
2021-09-06,70010.1171875,70281.82527490298,69376.1316502264,69557.27037516171,12861180
2021-09-07,68923.2734375,69828.96691236859,68742.13474252628,69828.96691236859,13239401
2021-09-08,69104.421875,69194.99123525557,68470.43635321101,68832.71379423329,11798147
2021-09-09,68198.734375,69376.13616367862,67927.02626992032,69194.99742695883,17600770
2021-09-10,68198.734375,68470.44248007968,67745.88753320053,68198.734375,10103212
2021-09-13,69104.421875,69104.421875,68017.58955193315,68108.15891218872,11397775
2021-09-14,69376.125,70372.38789164492,69376.125,69828.9717689295,18167057
2021-09-15,69738.40625,70100.68368506493,69194.9900974026,70100.68368506493,12829128
2021-09-16,68923.2734375,70100.67495482917,68923.2734375,70010.10560734231,13067622
2021-09-17,69919.5390625,69919.5390625,68742.13749797604,69104.41490244494,16289502
2021-09-23,70100.671875,70281.81056201551,69557.2558139535,70191.24121850776,17055590
2021-09-24,70010.1171875,70372.39463737064,69828.97846256469,70281.82527490298,12247274
2021-09-27,70372.390625,70372.390625,69738.40512387388,70010.11319578507,11699798
2021-09-28,69104.421875,70462.96227883355,69013.85251474443,70372.39291857799,15406382
2021-09-29,67430.921875,68522.92060981781,67157.92219129555,68067.92113697706,23992458
2021-09-30,67430.921875,68067.92113697706,67066.9222967274,67612.9216641363,19919361
2021-10-01,66611.921875,67339.92102117486,66338.92219518442,67248.921127903,15803395
2021-10-05,65701.9140625,66429.91311028393,64973.91501471606,66429.91311028393,24013921
2021-10-06,64882.93359375,66247.93219670406,64791.93368688639,66065.93238297685,18956962
2021-10-07,65155.91796875,65610.91739590607,64882.91831245636,65155.91796875,13683532
2021-10-08,65064.9296875,65883.92880244755,65064.92968749999,65792.9289007867,14043287
2021-10-12,62789.9296875,64518.92775135869,62516.92999320652,64336.92795516304,31001484
2021-10-13,62607.93359375,63335.932821584305,62152.93407635356,62516.933690270715,24172015
2021-10-14,63153.92578125,63517.925353476225,62607.92642291066,62789.926209023775,19520641
2021-10-15,63790.91796875,64609.916915567046,63699.918085770325,63881.917851729675,18051612
2021-10-18,63881.93359375,63972.9334991542,62971.934539707974,63881.93359375,13486391
2021-10-19,64245.921875,64609.92143236544,64063.92209631728,64427.92165368272,9507991
2021-10-20,63972.94140625,64609.94082281295,63881.94148959815,64336.9410728574,10151638
2021-10-21,63881.93359375,64245.93321536681,63699.93378294159,63972.9334991542,10891094
2021-10-22,64063.9296875,64336.929387872864,63699.93008700284,63699.93008700284,8395448
2021-10-25,63881.93359375,64245.93321536681,63244.93425592058,63608.93387753739,10029621
2021-10-26,64700.93359375,65064.93322015647,64063.93424753868,64245.934060741914,10528252
2021-10-27,63790.91796875,64609.916915567046,63699.918085770325,64609.916915567046,10295316
2021-10-28,64336.94140625,65701.94016310113,63244.9424007691,63244.9424007691,20644902
2021-10-29,63517.92578125,65155.92386729943,63426.92588758059,64791.92429262178,17016151
2021-11-01,63608.921875,64245.921092632336,63608.921875,63881.92153969957,11503729
2021-11-02,65064.9296875,65701.92899912587,64336.93047421328,64427.93037587412,16812570
2021-11-03,64063.9296875,65246.92838911576,63790.92998712713,65246.92838911576,12770428
2021-11-04,64245.921875,65155.9207684136,64154.92198565864,64791.92121104816,11818987
2021-11-05,63881.93359375,65155.932269408826,63881.93359375,65155.932269408826,12667743
2021-11-08,64245.921875,64245.921875,63517.922760269124,64063.92209631728,11121981
2021-11-09,64154.9453125,64609.944924645395,63790.94562278369,63972.945467641846,11159589
2021-11-10,63881.93359375,64518.93293157941,63881.93359375,63972.9334991542,9422009
2021-11-11,63608.921875,63699.92176323319,63335.92221030043,63608.921875,11489122
2021-11-12,64245.921875,64518.92154302408,63608.92264961048,63881.92231763456,10087450
2021-11-15,64973.93359375,65428.93312872024,64518.93405877976,65246.933314732145,12420710
2021-11-16,64882.93359375,65519.93294179523,64882.93359375,65064.933407477205,10919239
2021-11-17,64336.94140625,65155.94066036068,64245.94148912659,64882.94090899045,11027606
2021-11-18,63881.93359375,64609.932836983615,63881.93359375,64336.933120771006,10144957
2021-11-19,64791.92578125,64973.925572770364,63790.92692788799,64063.92661516854,11954728
2021-11-22,68158.9296875,68431.9294058745,66429.93147112816,66702.93118950266,27506623
2021-11-23,68522.953125,69159.95268924303,67794.95362300797,69159.95268924303,22029195
2021-11-24,68067.90625,69341.90449532086,67430.90712733957,69159.9047459893,15652305
2021-11-25,67066.9296875,68340.9283518487,66975.92978290367,68340.9283518487,12559258
2021-11-26,65792.9296875,67430.92793698133,65519.92997925312,66884.92852048755,13002242
2021-11-29,65792.9296875,66429.92900674274,64973.930562759335,65246.930271006226,16682559
2021-11-30,64882.93359375,67248.93117220371,64154.934338841165,66611.93182415848,30364841
2021-12-01,67703.9296875,68067.9293094758,65155.932333669356,65519.93195564517,21954856
2021-12-02,68977.9140625,68977.9140625,67157.91632998022,67248.9162166062,23652940
2021-12-03,68795.9296875,69159.92931547618,67430.93108258929,68795.9296875,18330240
2021-12-06,69432.9296875,69796.92931888925,68158.93097763762,68340.93079333224,16391250
2021-12-07,70433.90625,70706.90588662791,68795.90843023255,69250.9078246124,19232453
2021-12-08,70433.90625,71525.90479651162,70160.90661337209,71252.90515988371,21558340
2021-12-09,71161.9296875,71161.9296875,70069.9307664642,70433.93040680946,21604528
2021-12-10,69978.921875,70615.92116384915,69887.92197659297,70433.92136703512,9155219
2021-12-13,69887.9296875,71252.92831420898,69614.9299621582,70251.92932128906,15038750
2021-12-14,70069.921875,70251.92167207792,69341.92268668831,69614.9223823052,10976660
2021-12-15,70615.9140625,70615.9140625,69432.91550217461,69523.91539143042,9584939
2021-12-16,70797.921875,71434.92117207583,70433.92227667096,71434.92117207583,11996128
2021-12-17,70979.9140625,70979.9140625,69887.91538461538,69887.91538461538,13108479
2021-12-20,70160.921875,70797.9211656939,69887.92217898833,70615.92136835279,11264375
2021-12-21,71070.921875,71252.92167493598,70524.92247519207,70888.92207506402,14245298
2021-12-22,72253.9140625,72253.9140625,71707.91471190176,71798.91460366813,17105892
2021-12-23,72708.9296875,72799.92959949937,72162.93021550376,72617.92977550063,13577498
2021-12-24,73254.9296875,73527.92942546583,72981.92994953415,72981.92994953415,12086380
2021-12-27,72981.9140625,73345.91363388405,72617.91449111597,73345.91363388405,10783368
2021-12-28,73072.9140625,73163.91395547945,72526.91470462328,72981.91416952055,18226325
2021-12-29,72031.734375,73311.48600095177,71757.50188372462,73311.48600095177,19794795
2021-12-30,71574.703125,72671.63344109195,71391.88140565134,72123.16828304598,14236700
2022-01-04,71940.34375,72397.39803049555,71574.70032560355,72031.75460609912,12427416
2022-01-05,70751.9921875,72214.56566941214,69837.88376130491,72031.74398417312,25470640
2022-01-06,70294.9296875,70934.80551040312,70020.69719197009,70112.10802381339,12931954
2022-01-07,71574.703125,71666.11398467433,70752.00538793103,71391.88140565134,15163757
2022-01-10,71300.4609375,71391.87178485577,70477.76331129808,71391.87178485577,9947422
2022-01-11,72123.171875,72214.58273922687,71300.47409695818,71666.11755386565,13221123
2022-01-12,72123.171875,72763.04792458809,71848.93928231939,72671.63706036122,11000502
2022-01-13,71209.046875,72488.79868019898,71209.046875,72488.79868019898,13889401
2022-01-14,70660.5859375,71391.87272598642,70477.7642403784,71026.2293317432,10096725
2022-01-17,70843.3984375,71117.63094758065,70294.93341733872,70934.80927419355,8785122
2022-01-18,70386.3359375,71117.62254464286,70020.69263392857,70934.80089285714,9592788
2022-01-19,69746.4609375,70294.92589900066,69563.63928366645,69929.28259133355,10598290
2022-01-20,69929.2890625,70112.11073325163,69380.8240502451,69655.05655637254,9708168
2022-01-21,69106.6015625,69289.42325975529,68283.90392485118,69289.42325975529,15774888
2022-01-24,68649.5390625,69289.4149259321,68283.89571196737,68923.77157539947,13691134
2022-01-25,67644.015625,68558.12394425676,66912.7289695946,68375.3022804054,17766704
2022-01-26,67644.015625,67644.015625,67644.015625,67644.015625,0
2022-01-27,65175.9296875,67644.02239656381,65175.9296875,67461.20071441094,22274777
2022-01-28,67004.140625,67369.78395719646,65084.513130968626,65175.92396401774,21367447
2022-02-03,67004.140625,68466.71395378582,67004.140625,68466.71395378582,17744721
2022-02-04,67644.015625,68192.48061655405,67095.55063344595,67918.24812077702,12730034
2022-02-07,66729.921875,67278.38698630137,66181.45676369863,67186.97613441781,14240838
2022-02-08,66729.921875,66729.921875,66729.921875,66729.921875,0
2022-02-09,66729.921875,66729.921875,66729.921875,66729.921875,0
2022-02-10,68923.78125,69289.42465185677,68283.90529675067,69106.60295092838,17746033
2022-02-11,68466.734375,69015.19953688252,68192.50179405874,68558.14523531376,12205407
2022-02-14,67369.796875,68101.0836796133,66821.33177154002,68009.67282903663,13993255
2022-02-15,67369.796875,67826.8511278833,66821.33177154002,67735.44027730664,9320365
2022-02-16,68375.3203125,68466.73116853274,67826.85517630348,68192.49860043448,10767386
2022-02-17,68558.1328125,69106.597875,68101.07859375,68558.1328125,13605382
2022-02-18,67918.2734375,68375.32776749664,67369.80824150404,68192.50603549798,10122226
2022-02-21,67918.2734375,67918.2734375,67918.2734375,67918.2734375,0
2022-02-22,67918.2734375,67918.2734375,67918.2734375,67918.2734375,0
2022-02-23,67918.2734375,67918.2734375,67918.2734375,67918.2734375,0
2022-02-24,65358.765625,66090.05251311189,65175.94390297202,66090.05251311189,15759283
2022-02-25,65724.390625,66364.2664725313,65724.390625,65907.21229572322,13168484
2022-02-28,65724.390625,65724.390625,65724.390625,65724.390625,0
2022-03-02,65541.578125,66181.45406206416,65358.75642869595,66090.04321391214,12481430
2022-03-03,66638.5078125,66821.32950745885,65998.63188014404,66090.04272762345,13232638
2022-03-04,66638.5078125,66638.5078125,66638.5078125,66638.5078125,0
2022-03-07,64079.00390625,64536.058142385875,63896.18221179565,63987.59305902282,18617138
2022-03-08,63530.5390625,63987.59330035971,62799.25228192446,62890.6631294964,15828269
2022-03-10,63530.5390625,63530.5390625,63530.5390625,63530.5390625,0
2022-03-11,63987.6015625,64627.477578125,63713.368984374996,64444.655859375,15787655
2022-03-14,64170.41015625,64170.41015625,63621.945112179485,63987.588474893164,9040993
2022-03-15,64170.41015625,64170.41015625,64170.41015625,64170.41015625,0
2022-03-16,64353.24609375,64444.65695467863,63713.37006724965,64170.42437189276,10175750
2022-03-17,64353.24609375,64353.24609375,64353.24609375,64353.24609375,0
2022-03-18,64627.47265625,64810.29436107673,64170.41839418317,64536.06180383664,14410038
2022-03-21,63896.1796875,64901.69896727468,63896.1796875,64810.2881236588,11169002
2022-03-22,64261.82421875,64444.64590927276,63896.18083770448,63896.18083770448,9402666
2022-03-23,64444.65234375,65084.52832446808,64261.830634973405,64536.0631981383,12398025
2022-03-24,63804.7734375,64261.827688484955,63621.951737106014,63621.951737106014,37943357
2022-03-25,63804.7734375,64170.416838287965,63621.951737106014,64079.00598809097,12986010
2022-03-28,63713.359375,63896.18106617647,63256.30514705882,63530.537683823524,12619289
2022-03-29,64170.41015625,64261.82099692842,63804.76679353633,63987.588474893164,13686208
2022-03-30,64226.46875,64777.76891094421,64134.58538984263,64594.00219062947,12670187
2022-03-31,63950.8125,64502.112607758616,63950.8125,64226.462553879304,12510366
2022-04-01,63491.39453125,63858.92792940485,63399.511181711285,63858.92792940485,15916846
2022-04-04,63675.171875,63675.171875,63031.98832070707,63307.638415404035,11107905
2022-04-05,63583.26953125,63950.80288114162,63491.38619377709,63767.03620619581,8467248
2022-04-06,62940.08984375,63215.73987226278,62940.08984375,63031.973186587595,15517308
2022-04-07,62480.68359375,62940.10038488051,62480.68359375,62940.10038488051,20683327
2022-04-08,62296.91015625,62756.32689781526,62205.02680793694,62572.56020118915,15453191
2022-04-11,62388.80859375,62572.57533482143,61929.39174107143,62296.92522321428,12263735
2022-04-12,61561.83984375,62205.02324510261,61561.83984375,62113.13990205224,13924389
2022-04-13,63123.85546875,63399.505492631004,61745.60534934497,61837.488690638645,17378619
2022-04-14,62021.2578125,63123.85795138889,62021.2578125,63123.85795138889,16409494
2022-04-15,61194.30859375,61837.49201740803,61102.425247513136,61745.60867117117,13176415
2022-04-18,61286.19921875,61653.7326473482,60734.8990758527,61102.4325044509,10119203
2022-04-19,61837.5078125,62480.691400445765,61561.85770338038,61653.74107308692,12959434
2022-04-20,61929.37890625,61929.37890625,61102.42874281343,61561.84550027819,16693293
2022-04-21,62205.03515625,62756.33532011632,62021.268434961225,62113.15179560561,12847448
2022-04-22,61561.83984375,61837.48987290112,61286.18981459888,61745.606529850746,11791478
2022-04-25,60918.66796875,61286.20141049208,60918.66796875,61102.43468962104,11016474
2022-04-26,60734.89453125,61286.19463289523,60734.89453125,61010.544582072616,12946923
2022-04-27,59724.1875,60183.60432692308,59632.30413461539,60091.72096153846,18122084
2022-04-28,59540.40625,60183.58965084877,59264.75622106482,60091.70630787037,16895527
2022-04-29,61929.37890625,62113.14560923591,59724.178470419145,59816.061821912095,26190390
2022-05-02,61837.5078125,62113.15792161961,61102.44085484769,61194.324224554235,14106184
2022-05-03,62021.2578125,62848.207916666666,61837.491122685184,61929.37446759259,14168875
2022-05-04,62388.80859375,62848.225446428565,62021.27511160714,62480.69196428571,11505248
2022-05-06,61102.42578125,61653.72586348684,61102.42578125,61561.84251644737,14356156
2022-05-10,60367.36328125,60918.663402539954,59999.829867056695,60551.12998834665,17235605
2022-05-11,60367.36328125,60918.663402539954,59907.94651350837,60183.596574153344,12330920
2022-05-12,59632.296875,60183.5970001926,59632.296875,59907.9469375963,16414188
2022-05-13,61102.42578125,61286.19247532895,59907.94226973684,59999.82561677632,14551536
2022-05-16,60918.66796875,61929.38493354073,60734.90124787896,61653.73485223416,11937555
2022-05-17,62113.1484375,62388.79850453032,61194.31488073225,61194.31488073225,15680447
2022-05-18,62572.5703125,63123.87049146476,62113.15349669604,62756.337038821584,16486319
2022-05-19,62021.2578125,62113.14115740741,61102.424363425926,61102.424363425926,17073727
2022-05-20,62480.68359375,62848.21702665441,62205.033519071694,62296.916877297794,12109671
2022-05-23,62388.80859375,63215.75892857143,62113.158482142855,63215.75892857143,13684088
2022-05-24,61102.42578125,62205.02594572368,61102.42578125,62021.25925164474,15482576
2022-05-25,61010.55078125,61653.73429852221,60551.133983198415,61286.20086008095,15150490
2022-05-26,60551.1328125,61745.61646433991,60183.59938116465,60918.66624383536,15970890
2022-05-27,61102.42578125,61469.95916940789,60826.775740131576,61286.19247532895,11405555
2022-05-30,62205.03515625,62296.91851689439,61469.968271094906,62021.268434961225,14255484
2022-05-31,61929.37890625,62021.26225774296,61286.195445799334,62021.26225774296,24365002
2022-06-02,61286.19921875,61561.849290198654,61010.54914730135,61194.31586160045,14959443
2022-06-03,61378.078125,61837.49487743263,61378.078125,61745.61152694611,8222883
2022-06-07,60183.59765625,61010.54785305343,60091.714301049615,60826.78114265267,19355755
2022-06-08,59999.83203125,60367.36545870023,59999.83203125,60091.715388112556,12483180
2022-06-09,59907.95703125,59907.95703125,59264.773443491176,59816.07366157017,25790725
2022-06-10,58621.578125,59172.878232758616,58621.578125,58805.3448275862,22193552
2022-06-13,57059.5625,57702.745974235106,57059.5625,57335.21256038648,22157816
2022-06-14,56875.8046875,57151.454790993535,56140.737744850565,56232.62111268174,24606419
2022-06-15,55773.20703125,56508.27401024506,55313.79016937809,56324.50726549629,26811224
2022-06-16,55956.96484375,56783.91506311576,55589.43141292077,56324.49827457922,23394895
2022-06-17,54946.2421875,55038.12553563963,54578.70879494147,54578.70879494147,29053450
2022-06-20,53935.52734375,55038.12756202087,53384.22723461456,54946.24421049829,34111306
2022-06-21,53751.7578125,54394.941239316235,53476.1077724359,53935.52450587606,25148109
2022-06-22,52924.8125,54303.062825520836,52924.8125,54211.17947048611,23334687
2022-06-23,52741.046875,53292.34701655053,52189.74673344948,53016.696945775264,28338608
2022-06-24,53659.875,54303.05843321918,53016.69156678082,53200.4582619863,23256103
2022-06-27,54027.4140625,55038.13099224064,53567.997276254246,54211.1807769983,18122236
2022-06-28,54578.71875,54670.60211489899,53935.53519570707,54394.952020202014,13540538
2022-06-29,53618.2109375,54357.77246767241,53618.2109375,54080.43689385775,14677138
2022-06-30,52693.7578125,53248.42894736842,52693.7578125,52878.64819078947,18915142
2022-07-01,51954.1953125,53155.98274855427,51676.859750333635,52601.31162422153,24982097
2022-07-04,52786.20703125,53063.542619855514,51491.97428442425,51861.75506923161,17807126
2022-07-05,52878.65234375,53803.10430780157,52878.65234375,53248.43312937063,14216539
2022-07-06,52139.08984375,52971.0965965758,52139.08984375,52971.0965965758,16820461
2022-07-07,53803.09765625,54265.323581131874,52046.639141698884,52139.084326675256,21322833
2022-07-08,54265.3203125,54819.991388948045,53803.094415459964,54172.87513309199,15339271
2022-07-11,54357.7734375,55097.334980867345,54265.328244579076,54819.999402104586,13042624
2022-07-12,53710.65625,54265.32739888124,53710.65625,54172.88220740104,9336061
2022-07-13,53618.2109375,54172.882085129306,53618.2109375,53895.54651131465,10841315
2022-07-14,53155.97265625,53803.088845108694,53063.52748641304,53155.97265625,15067012
2022-07-15,55467.1171875,55467.1171875,53710.658476562494,53987.994062499994,18685583
2022-07-18,57223.57421875,57316.01941134895,55929.3415223647,56021.78671496365,20832517
2022-07-19,56299.1171875,56853.78829279557,55652.00089798851,56761.34310857964,15248261
2022-07-20,55929.33984375,57408.46288094008,55929.33984375,57131.127311466946,16782238
2022-07-21,57131.12109375,57223.56627351335,56114.22411635316,56484.00483540655,12291374
2022-07-22,56668.89453125,57500.901139376016,56576.44935256933,57131.120424653345,10261310
2022-07-25,56484.0078125,57223.56928958674,56206.67225859247,56299.117443228315,9193681
2022-07-26,57038.6796875,57223.570059258505,56206.67301458671,56206.67301458671,6597211
2022-07-27,57131.12109375,57223.56627351335,56576.4500151699,56668.895194933255,7320997
2022-07-28,57223.57421875,57870.69056694265,56946.238640953154,57593.3549891458,10745302
2022-07-29,56761.34765625,57870.68995572068,56668.90246462744,57685.79957247557,15093120
2022-08-01,56668.89453125,57038.67524597267,55744.44274444331,56391.55899520799,13154816
2022-08-02,57038.6796875,57223.570059258505,56391.56338634522,56576.45375810373,13614895
2022-08-03,56668.89453125,56946.230067292,56391.55899520799,56946.230067292,10053861
2022-08-04,56853.78515625,57131.120693597564,56576.44961890244,57038.67551448171,9125439
2022-08-05,56853.78515625,57223.565872713414,56576.44961890244,57038.67551448171,9567620
2022-08-08,56206.671875,56761.34297902961,56021.78150699013,56761.34297902961,11313150
2022-08-09,55467.1171875,56114.2335546875,55097.33640625,56021.788359374994,18251170
2022-08-10,54635.10546875,54727.55065566836,54172.87953415821,54450.215094913285,18084349
2022-08-11,55374.6640625,55467.10924457429,54819.992970054256,55097.32851627713,15141941
2022-08-12,55652.00390625,56114.2298523152,54912.44239254568,55004.887581758725,10786658
2022-08-16,56391.57421875,56946.24544057377,55744.45779328894,55929.34820056352,15036727
2022-08-17,55836.890625,56576.45209023179,55744.44544184602,56484.00690707781,9061518
2022-08-18,56853.78515625,57223.565872713414,55467.10746951219,55744.44300685976,16372754
2022-08-19,56299.1171875,56946.2334770115,56021.78163485222,56761.34310857964,6923679
2022-08-22,55467.1171875,55836.897968749996,55282.226796874995,55744.45277343749,8259865
2022-08-23,54635.10546875,55097.33140334179,54542.66028183164,54542.66028183164,9041629
2022-08-24,54542.66796875,55004.893968485165,54542.66796875,54727.558368644066,8888486
2022-08-25,55189.77734375,55189.77734375,54542.661026486596,54727.551402847566,5767902
2022-08-26,55467.1171875,56299.123945312494,55374.6719921875,55744.45277343749,9499995
2022-08-29,54172.8828125,54450.2183900384,54172.8828125,54265.3280050128,9841329
2022-08-30,54357.7734375,54542.663823341834,53895.54747289541,54265.328244579076,9690044
2022-08-31,55189.77734375,55374.66772011097,53803.09952104271,53803.09952104271,14203512
2022-09-01,53987.98828125,54450.2142083155,53895.5430958369,54265.3238374893,14905777
2022-09-02,53155.97265625,54172.869524456524,53155.97265625,53895.53401494565,15040310
2022-09-05,52786.20703125,53433.32340466287,52508.87144264448,53063.542619855514,11425977
2022-09-06,52786.20703125,53248.43301225919,52601.31663884632,52878.652227451836,7503086
2022-09-07,51769.3046875,52416.42099609375,51676.859500558036,52416.42099609375,17384854
2022-09-08,51399.5234375,52139.08492580936,51399.5234375,51954.19455373201,18000016
2022-09-13,53710.65625,54080.43701592083,52508.868760757316,52693.75914371773,17166581
2022-09-14,52508.8671875,52878.64794234155,51861.75086652729,51954.19605523768,12524961
2022-09-15,51769.3046875,52786.20174386161,51769.3046875,52693.756556919645,11664819
2022-09-16,51954.1953125,52139.085687277584,51307.079000778474,51399.52418816726,13456503
2022-09-19,52139.08984375,52693.761012300536,51769.30906471631,52046.64464899158,12278653
2022-09-20,51584.41796875,52693.7602906586,51584.41796875,52139.089129704305,14041465
2022-09-21,51122.1875,51307.077870705245,50844.851943942136,51214.63268535262,11863700
2022-09-22,50290.1796875,50567.515237247244,50197.73450425092,50475.07005399816,12786510
2022-09-23,50382.6328125,50752.41360378441,50105.2972190367,50290.1876146789,10555964
2022-09-26,49827.953125,50105.28867115028,49550.61757884972,49643.06276089982,15008449
2022-09-27,50105.2890625,50105.2890625,49458.17278309502,49735.50833141144,16631289
2022-09-28,48903.49609375,50290.17367674858,48533.71540495037,49827.94781574905,19991129
2022-09-29,48960.28125,49984.16545865019,48960.28125,49611.84392823194,13882080
2022-09-30,49425.68359375,49891.08551082862,48215.63860934557,48681.0405264242,22503249
2022-10-04,51380.375,51566.535778985504,50728.81227355073,51473.45538949275,19148435
2022-10-05,52125.01171875,53241.97625558035,51566.52945033482,52962.73512137277,22458970
2022-10-06,52404.25390625,53335.05770565053,52404.25390625,52776.57542601021,14944446
2022-10-07,52311.1796875,52962.742423821175,51380.37577846975,52031.93851479093,16886813
2022-10-11,51566.53125,51845.77239395307,50263.40591155235,50635.72743682311,21437877
2022-10-12,51938.859375,53055.82409274193,51380.37701612903,51845.77898185484,18408910
2022-10-13,51380.375,52218.098505434784,51380.375,51566.535778985504,13784602
2022-10-14,52404.25390625,52590.414666130106,51938.85200654973,52311.17352630995,12924326
2022-10-17,52683.50390625,53055.825488626324,51845.780345903266,51938.860741497345,13641878
2022-10-18,52590.41796875,53148.90028346239,51938.85526825221,52776.5787403208,14820702
2022-10-19,51938.859375,52962.74369959677,51845.77898185484,52776.58291330645,12660652
2022-10-20,51659.6171875,52125.01914414414,51287.29562218468,51380.37601351351,17107653
2022-10-21,52031.94140625,52404.26299055233,51287.29823764535,51287.29823764535,11456060
2022-10-24,53521.21875,53521.21875,52776.57570652174,53055.816847826085,16944503
2022-10-25,53707.38671875,54545.11025509099,53055.823968262564,53055.823968262564,17405678
2022-10-26,55289.75,55475.910774410775,53707.38341750842,53986.62457912458,20824967
2022-10-27,55382.83203125,55941.31437106093,54824.34969143908,55568.992811186974,21756712
2022-10-28,53335.0625,55103.589877835955,53241.98211169284,54824.348712914485,20924937
2022-10-31,55289.75,55755.15193602694,53986.62457912458,54079.70496632997,18999514
2022-11-01,55848.23046875,56127.471621093755,55382.82854817709,55755.15008463542,17201647
2022-11-02,55475.91015625,55848.23170092282,55196.668997745386,55568.99054241821,13202919
2022-11-03,55103.58203125,55662.06428156672,54079.697905669345,54545.09978093328,17492162
2022-11-04,55289.75,55382.83038720539,54358.946127946125,55010.50883838384,12445841
2022-11-07,56034.3984375,56127.47883357558,55289.75526889535,55568.99645712209,12437246
2022-11-08,57523.671875,57616.75225020227,56313.62699737055,56313.62699737055,18273898
2022-11-09,57709.84375,57896.00453629032,57058.28099798387,57709.84375,14045592
2022-11-10,56220.5546875,57244.4389616101,56220.5546875,57151.35857305464,21087633
2022-11-11,58547.56640625,58826.80758147854,57989.084055792926,58733.72718973569,20037163
2022-11-14,57616.7578125,58547.56165438207,57430.59704412359,58547.56165438207,15973416
2022-11-15,58082.1640625,58175.244453625804,57337.52093349359,57896.0032802484,12310986
2022-11-16,58361.3984375,58361.3984375,57430.59463466906,58082.157296650716,12909260
2022-11-17,57151.359375,57709.84171416938,57058.27898513844,57709.84171416938,13298296
2022-11-18,57523.671875,58082.154126213594,57151.35037419094,57523.671875,12236503
2022-11-21,57151.359375,57523.68093444625,56592.87703583062,57151.359375,9378097
2022-11-22,56406.70703125,56965.18927908415,56127.46590733292,56685.948155167076,9411289
2022-11-23,56779.04296875,57058.284163678276,56499.80177382172,56965.20376536885,8765050
2022-11-24,57151.359375,57430.60054458469,56685.957425692184,56965.198595276874,8125010
2022-11-25,56779.04296875,57430.60575691598,56592.88217213115,57151.364561987706,6677933
2022-11-28,55941.3125,56313.634047420965,55662.071339434275,56313.634047420965,8589032
2022-11-29,56406.70703125,56406.70703125,55662.06403413779,55755.14440877681,7014160
2022-11-30,57896.00390625,57896.00390625,56034.3960636053,56220.556847869775,19768903
2022-12-01,58268.31640625,58826.798672124605,57989.0752733127,58733.71829447884,16631445
2022-12-02,56220.5546875,58175.242847164736,56220.5546875,58175.242847164736,15331184
2022-12-05,56127.46875,56872.11178482587,55848.2276119403,56685.9510261194,13767787
2022-12-06,55103.58203125,55941.305406725085,55103.58203125,55662.06428156672,13888300
2022-12-07,54824.34765625,55475.91036184211,54452.026110197374,54731.26726973685,12100662
2022-12-08,55103.58203125,55103.58203125,54545.09978093328,54638.18015598607,12986815
2022-12-09,56220.5546875,56406.71546461093,55196.670413389904,55196.670413389904,10529632
2022-12-12,55382.83203125,55848.23398109244,55289.75164128152,55755.15359112395,9036472
2022-12-13,55568.984375,56127.46663002513,55289.74324748744,55475.903999162474,9040873
2022-12-14,56313.6328125,56406.71319731405,55662.070118801654,55662.070118801654,8207485
2022-12-15,55196.6640625,56034.3874631113,55196.6640625,55662.0659517285,8716039
2022-12-16,55382.83203125,55382.83203125,54265.867351628156,54265.867351628156,13033596
2022-12-19,55382.83203125,55755.15359112395,55010.51047137605,55382.83203125,7696187
2022-12-20,54545.109375,55010.51133212457,54452.02898357509,54917.43094069966,9284761
2022-12-21,53986.6328125,55010.517227909484,53986.6328125,54638.19562230603,10356971
2022-12-22,55010.515625,55010.515625,54079.71163811337,54079.71163811337,10720630
2022-12-23,54079.703125,54358.944277108436,53707.38158885542,54172.78350903615,9829407
2022-12-26,53893.54296875,54079.70373893567,53707.38219856434,53986.623353842835,6756411
2022-12-27,54079.703125,54358.944277108436,53893.54235692771,53986.62274096386,10667027
2022-12-28,53012.88671875,53949.510159010606,52825.56203069788,53949.510159010606,14665410
2022-12-29,51795.28125,52638.24242766727,51795.28125,52450.917721518985,11295935
2023-01-02,51982.60546875,52544.579581925675,51701.61841216216,51982.60546875,10031448
2023-01-03,51888.9453125,52450.91944945849,51045.98410706228,51888.9453125,13547030
2023-01-04,54136.83984375,54324.16454909169,52076.268084991345,52169.930437662195,20188071
2023-01-05,54511.48046875,55073.454494201025,53949.50644329897,54511.48046875,15682826
2023-01-06,55260.78515625,55635.434547139834,54230.49933130297,54605.1487221928,17334989
2023-01-09,56853.04296875,56853.04296875,55822.7571818369,55916.41952610173,18640107
2023-01-10,56572.0625,57227.69898592715,56103.75072433775,56384.737789735096,14859797
2023-01-11,56665.71875,57321.35516528926,56478.39405991736,57134.030475206615,12310751
2023-01-12,56665.71875,57321.35516528926,56103.74467975207,57227.69282024793,16102561
2023-01-13,56946.70703125,57321.35641961349,56572.05764288652,56665.719989977384,12510328
2023-01-16,57227.6953125,57696.00705810147,56946.70826513912,57415.02001074059,10039972
2023-01-17,57134.03515625,57602.34691982582,56759.38574538934,57321.35986168033,9831456
2023-01-18,56572.0625,57134.0366307947,56103.75072433775,56853.04956539735,11584041
2023-01-19,57602.34375,57602.34375,56572.05792682927,56665.720274390245,12808490
2023-01-20,57883.33203125,58351.64377907565,57227.695584294095,58164.31907994539,9646327
2023-01-25,59288.26171875,59662.91108190166,59007.27469638625,59475.586400325825,39217
2023-01-26,59756.578125,59850.24047315831,59288.26638420846,59756.578125,54188
2023-01-27,60505.87109375,60880.52045036765,59850.23471966912,60318.546415441175,44282
2023-01-30,59288.26171875,60786.859171356635,59100.93703717417,60786.859171356635,59628
2023-01-31,57508.68359375,59662.91766973738,57134.03418923046,59475.592967477605,163847
2023-02-01,57134.03515625,58726.29515240779,57134.03515625,58632.63279969262,98585
2023-02-02,59475.59375,59850.24315944882,58632.63257874016,59194.60669291339,65992
2023-02-03,59475.59375,59943.90551181103,59007.28198818898,59850.24315944882,47567
2023-02-06,57696.0078125,59007.28071732955,57696.0078125,58819.95601663961,144104
2023-02-07,58070.66015625,58538.97193170363,57696.010735887096,57976.99780115927,32873
2023-02-08,59100.9453125,59288.27002030507,58445.30883518225,58819.95825079239,42558
2023-02-09,59288.26171875,59288.26171875,58351.638310870854,59007.27469638625,48035
2023-02-10,58913.62109375,59007.28344843005,58445.30932034976,58632.63402970986,44786
2023-02-13,58913.62109375,59007.28344843005,58351.646965669715,58913.62109375,59395
2023-02-14,59194.60546875,59850.24192172666,59194.60546875,59569.254870450946,70606
2023-02-15,58257.984375,59850.24439811093,58070.659666398715,59850.24439811093,58370
2023-02-16,59662.9140625,59662.9140625,58445.30357142857,58538.965916895606,41448
2023-02-17,58632.625,59288.26138178914,58445.30031948882,58913.61202076678,28613
2023-02-20,58726.296875,59007.28394138756,57883.33567583733,58913.621585925044,29846
2023-02-21,58164.3203125,58819.95677334944,58070.657960950084,58726.29442179952,60971
2023-02-22,57227.6953125,57883.331756342064,57134.0329633797,57602.344708981174,39178
2023-02-23,58070.66015625,58538.97193170363,57602.34838079637,57789.67309097782,37145
2023-02-24,57415.015625,58632.626070554645,57415.015625,58351.63904465742,50792
2023-02-27,56665.71875,56946.705785123966,56384.731714876034,56946.705785123966,11155697
2023-02-28,56759.3828125,57508.6815955033,56665.72046462459,56946.70750825082,13715861
2023-03-02,56946.70703125,57883.330502158715,56665.719989977384,57040.369378340874,13095682
2023-03-03,56665.71875,57321.35516528926,56665.71875,57134.030475206615,10711405
2023-03-06,57602.34375,57696.006097560974,56946.707317073175,57227.6943597561,13630602
2023-03-07,56853.04296875,57508.67937860379,56853.04296875,57508.67937860379,11473280
2023-03-08,56478.3984375,56665.72314210199,56103.74902829602,56291.07373289801,14161857
2023-03-09,56291.07421875,56946.71069051581,56103.7495125312,56665.723631187604,14334499
2023-03-10,55729.10546875,55916.430193014705,55354.45602022059,55729.10546875,11902471
2023-03-13,56197.41015625,56384.73485677084,55541.77370442708,56103.74780598959,12779724
2023-03-14,55260.78515625,55729.09689486229,55260.78515625,55635.434547139834,12147346
2023-03-15,56010.0859375,56478.397692830265,55822.76123536789,56197.4106396321,10482149
2023-03-16,56103.74609375,56384.73313595576,55354.44731453464,55448.10966193656,10611939
2023-03-17,57415.015625,57415.015625,56759.3792312398,56946.70391517129,14090110
2023-03-20,56384.73828125,57321.3618407392,56384.73828125,57227.69948479028,9618009
2023-03-21,56478.3984375,56853.04784670398,56291.07373289801,56665.72314210199,8318514
2023-03-22,57227.6953125,57321.35766162029,56665.72121777823,57134.0329633797,8978591
2023-03-23,58351.6484375,58351.6484375,56759.38836777688,56759.38836777688,15381057
2023-03-24,59007.28125,59288.26830357143,58351.644791666666,58726.29419642857,18278602
2023-03-27,58164.3203125,58819.95677334944,58070.657960950084,58632.6320702496,11039331
2023-03-28,58913.62109375,58913.62109375,58164.32225630962,58445.30932034976,11614118
2023-03-29,58726.296875,58726.296875,58257.9850976874,58538.97216407496,11216008
2023-03-30,59537.40234375,60008.42609646954,59443.197593206096,60008.42609646954,15684377
2023-03-31,60291.03125,60291.03125,60008.41704101563,60291.03125,14094479
2023-04-03,59443.1875,60291.030110935026,59348.98276545166,60291.030110935026,11973133
2023-04-04,59914.2109375,60102.62040585691,59160.57306407233,59725.80146914308,11120514
2023-04-05,60196.82421875,60291.028951486696,59725.800555066504,60008.4147532766,9176149
2023-04-06,58689.55859375,59914.22033005618,58689.55859375,59820.015581109554,14992747
2023-04-07,61233.07421875,61421.483677884615,60102.617463942304,60102.617463942304,27476120
2023-04-10,61892.51953125,62457.74802011986,60950.47204980023,61044.676797945205,18777166
2023-04-11,62080.92578125,62363.540010906676,61609.90206515554,62363.540010906676,16323183
2023-04-12,62175.125,62363.53446969697,61515.69185606061,61986.71553030303,15021313
2023-04-13,62269.3359375,62269.3359375,61609.90272787443,61798.31221633888,15091022
2023-04-14,61327.2890625,62740.3602390553,61233.084317396315,62740.3602390553,16176490
2023-04-17,61515.69140625,61798.305608728944,60950.46300129212,61233.07720377106,13486618
2023-04-18,61798.30859375,62175.12754858994,61044.67068407012,62080.92280987996,14802060
2023-04-19,61704.109375,61986.72361641221,61515.69988072519,61704.109375,10255985
2023-04-20,61515.69140625,61515.69140625,60856.25826713247,61327.28193793071,9501169
2023-04-21,61892.51953125,62080.929027539954,61609.90528681507,61986.72427939498,10538622
2023-04-24,61421.48828125,61892.51196438842,61044.669334739265,61515.69301787768,12986581
2023-04-25,59914.2109375,61609.89615271226,59725.80146914308,61515.6914185338,16193271
2023-04-26,60385.24609375,60573.65559794267,59631.60807697933,59914.222333268335,12664541
2023-04-27,60856.26171875,61233.08067676084,59631.600105214784,60385.23802123646,14779601
2023-04-28,61704.109375,62080.92836354962,61233.08563931297,61421.495133587785,19699481
2023-05-02,61892.51953125,62457.74802011986,61327.29104238014,62175.13377568493,14396948
2023-05-03,61609.8984375,61798.30791284404,61138.874749139904,61327.28422448394,8876749
2023-05-04,61327.2890625,61892.51753312212,60950.47008208525,61798.31278801843,9791064
2023-05-08,62080.92578125,62457.74475412557,61609.90206515554,62457.74475412557,9405365
2023-05-09,61515.69140625,61986.71507704824,61327.28193793071,61986.71507704824,9366861
2023-05-10,60856.26171875,61704.10437427438,60573.647500241874,61704.10437427438,13057727
2023-05-11,60479.44140625,61327.28404278622,60479.44140625,60950.46509321457,11648905
2023-05-12,60385.24609375,60856.26985423167,59914.222333268335,60008.42708536467,8693913
2023-05-15,60762.0546875,60856.259423449614,60196.826271802325,60385.23574370155,8172021
2023-05-16,61609.8984375,62080.92212586009,61515.69369982798,61986.71738818807,12334657
2023-05-17,61233.07421875,62080.91678485577,61044.664759615385,62080.91678485577,10745504
2023-05-18,62363.5390625,62363.5390625,61892.51535356873,62175.129578927495,14431704
2023-05-19,64436.0546875,64436.0546875,63588.21186266447,63870.82613760965,20349345
2023-05-22,64530.25,65001.27372262774,64059.22627737226,64436.045255474455,14470308
2023-05-23,64436.0546875,64718.668962445176,64153.440412554824,64530.259445815056,8561643
2023-05-24,64530.25,64718.6594890511,64059.22627737226,64153.43102189781,8192896
2023-05-25,64812.859375,65943.31622456395,64718.65463753634,65849.1114871003,14231160
2023-05-26,66225.9296875,66320.13442389759,65472.29179631935,65754.9060055121,19549511
2023-05-30,68110.0234375,68110.0234375,67073.77135200554,67167.97608705048,27476897
2023-05-31,67262.1796875,68298.4317555147,66885.36075367648,68204.22702205883,25666087
2023-06-01,66791.1640625,67450.59727609309,66508.54982810296,66791.1640625,14669296
2023-06-02,68015.8203125,68015.8203125,67450.59188885042,67544.79662612535,12161798
2023-06-05,67544.796875,68486.84425122036,67262.18266213388,68486.84425122036,12686829
2023-06-07,66885.3515625,67450.57988556338,66696.94212147887,67167.96572403169,14796613
2023-06-08,66791.1640625,66791.1640625,65943.32135930889,66320.14033850493,19165568
2023-06-09,67827.421875,68110.0361328125,66696.96484375,66979.5791015625,15050209
2023-06-12,66885.3515625,68204.21764964788,66696.94212147887,67921.60348811619,12064287
2023-06-13,67827.421875,68015.83138020833,67450.60286458333,67544.8076171875,13227285
2023-06-14,67733.203125,68015.81732440891,66979.5652599096,67921.6125912726,12541046
2023-06-15,67356.390625,68110.02856206294,67167.98114073426,67921.61907779721,13614994
2023-06-16,67639.0,67733.20473537604,66791.1573816156,67639.0,15373696
2023-06-19,67073.78125,67544.80499473315,66791.16700316011,67167.98599894663,11100887
2023-06-20,67262.1796875,67262.1796875,66320.13235294117,66602.74655330883,11557883
2023-06-21,66414.34375,67073.77695035462,66320.1390070922,66602.7532358156,10626603
2023-06-22,67167.984375,67356.39386833801,66037.52741497195,66131.73216164095,11411007
2023-06-23,67450.6015625,68015.83006721368,67450.6015625,67827.42056564246,12329484
2023-06-26,68204.234375,68298.43911861187,67356.3916824931,67544.80116971685,10541901
2023-06-27,68392.6328125,68392.6328125,67827.40444214876,68298.42808410813,9442997
2023-06-28,68486.84375,68486.84375,67827.4105914718,68392.6390130674,8783093
2023-06-29,68544.6015625,69491.35020286603,68544.6015625,69207.32561075622,12229967
2023-06-30,68355.2421875,68828.61644087604,67881.86793412396,68639.26673952563,11694765
2023-07-03,69112.640625,69301.99032534246,68733.94122431506,68828.6160744863,10722181
2023-07-04,69112.640625,69680.6897260274,69017.96577482876,69491.34002568493,10214350
2023-07-05,68165.90625,69396.67955729167,68071.23138020834,69112.65494791667,12310610
2023-07-06,67787.203125,68544.60204259776,67692.52826030029,68071.22771909916,14777667
2023-07-07,66177.71875,67597.84146995709,66083.04390200286,67313.81692596566,17308877
2023-07-10,65799.03125,66651.10503597122,65515.006654676254,66272.40557553957,11713926
2023-07-11,67692.5234375,67692.5234375,66367.07542613636,66461.75028409091,12177392
2023-07-12,68071.21875,68165.89360222532,67313.8199321975,67408.49478442282,10375581
2023-07-13,68071.21875,68733.94271557718,68071.21875,68544.59301112656,14417279
2023-07-14,69491.359375,69491.359375,68544.61060967302,68639.28548620573,15882519
2023-07-17,69396.671875,69586.02159362209,68923.29757844475,69301.99701568895,10060049
2023-07-18,68165.90625,69586.029296875,68165.90625,69302.0046875,11697900
2023-07-19,67881.875,68923.29846582984,67503.17555788005,68828.62360529986,10896412
2023-07-20,67219.1328125,67692.50698723592,67029.78314260564,67313.80764744717,9732730
2023-07-21,66556.421875,66651.09672830725,65704.3481952347,66651.09672830725,16528926
2023-07-24,66651.1015625,67124.47586337003,66177.72726162997,66367.07698197798,13418597
2023-07-25,66272.3984375,66745.77271205357,66083.04872767857,66272.3984375,14314945
2023-07-26,66083.0546875,66840.45359509312,64473.582008864614,66083.0546875,30016221
2023-07-27,67881.875,67881.875,65609.67834728034,66177.72751046024,24261179
2023-07-28,66840.453125,68544.60065509914,66367.07881108357,67976.55147839943,19420683
2023-07-31,66083.0546875,67219.15304888968,66083.0546875,67124.47818544054,13035420
2023-08-01,67313.8359375,67408.51081223629,66272.41231540084,66367.08719013713,12299254
2023-08-02,66177.71875,67219.14207796853,66083.04390200286,66935.11753397711,13835020
2023-08-03,65136.30078125,66461.74876226381,64852.2762138899,66177.72419490371,20087090
2023-08-04,64662.921875,65420.32066709371,64568.24702598829,65136.29612005857,12360193
2023-08-07,64852.28125,65515.0052919708,64000.20748175182,64094.88234489051,10968505
2023-08-08,64000.1953125,65420.31798955252,63810.845622226334,65325.64314441568,14664709
2023-08-09,65230.984375,65893.70845428157,64284.235690312045,64378.910558780844,17259673
2023-08-10,64378.90234375,64852.27662568934,64189.55263097426,64662.9269129136,10227311
2023-08-11,63905.53125,65136.304444444446,63905.53125,64757.604999999996,9781038
2023-08-14,63716.1875,64284.23671991085,63337.48802005944,63905.53723997028,9352343
2023-08-16,63432.14453125,63526.819373833954,62769.42063316231,63148.12000349813,13174578
2023-08-17,63148.125,63242.79985007496,62485.40104947526,62769.425599700146,10778652
2023-08-18,62769.42578125,63148.12518264517,62296.05152950603,62485.40123020362,11745006
2023-08-21,63053.45703125,63526.83133328641,62769.43245002815,63053.45703125,9720067
2023-08-22,63053.45703125,64094.8804957301,62769.43245002815,63621.50619369369,10500242
2023-08-23,63526.8203125,63526.8203125,62864.09640461997,63148.12093656856,9549352
2023-08-24,64568.2578125,65041.63213663857,64284.23321801687,64662.93267732771,15044463
2023-08-25,63526.8203125,63810.844844448584,63337.470624534275,63526.8203125,7032462
2023-08-28,63242.80859375,63432.15832007859,62958.78400425711,63242.80859375,5824628
2023-08-29,63242.80859375,63621.50804640719,63053.45886742141,63337.4834569143,9114352
2023-08-30,63526.8203125,64094.86937639717,63526.8203125,63716.170000465725,9181223
2023-08-31,63337.484375,63621.508968609865,62864.11005231689,63526.83410407325,15964630
2023-09-01,67219.1328125,67219.1328125,63148.114909771124,63242.789744718306,29738235
2023-09-04,67408.5078125,69017.98061139396,66935.13345988413,69017.98061139396,26286495
2023-09-05,66935.1171875,67692.51596755658,66461.74294996464,67124.46688251414,12330239
2023-09-06,66272.3984375,67029.79727678571,65988.37387276786,66935.122421875,11414620
2023-09-07,66651.1015625,66840.45128284801,65893.70268110796,66272.40212180397,13741241
2023-09-08,66556.421875,66556.421875,65893.69790184921,66461.74702169275,10688118
2023-09-11,67029.796875,67029.796875,66272.39804025424,66651.09745762711,11785462
2023-09-12,66745.7734375,67219.14771719858,66651.09858156028,67029.79800531914,11688599
2023-09-13,67124.4765625,67787.20059062059,66556.42739553949,67313.82628482017,15955797
2023-09-14,67881.875,67976.54986052998,67029.80125523012,67408.50069735007,21041407
2023-09-15,68165.90625,68449.930859375,67597.85703125001,67881.881640625,17823512
2023-09-18,66461.7421875,67881.86488381411,66461.7421875,67503.16549813034,16040727
2023-09-19,66083.0546875,67029.8033219914,65893.70496060172,66651.10386819484,11820188
2023-09-20,65893.703125,66556.42715068247,65799.02826418822,66272.40256824713,10873015
2023-09-21,65230.984375,66083.05819121916,65136.30950653121,65515.00898040639,10796336
2023-09-22,65136.30078125,65230.9756370367,64662.9265023165,64662.9265023165,9897840
2023-09-25,65704.34375,65988.36829070606,64852.27012788185,64852.27012788185,13582516
2023-09-26,65286.5546875,66618.93335459183,65096.21487791545,66618.93335459183,13143470
2023-09-27,65096.2265625,65762.416015625,64905.88671875,65286.56640625,14886491
2023-10-04,64239.68359375,64430.02339699074,63478.32438078704,64144.51369212963,23361149
2023-10-05,63478.33203125,64144.52142288231,63478.33203125,64049.35150979198,16108313
2023-10-06,62812.12890625,64049.33750591856,62812.12890625,63858.997721354164,14386527
2023-10-10,63192.828125,64334.8671875,63002.48828125,63002.48828125,19889202
2023-10-11,64905.88671875,66047.92578125,64620.376953125,65286.56640625,25209349
2023-10-12,65572.078125,66333.43752267779,64905.888652031936,65286.56835087083,19311380
2023-10-13,64715.54296875,65191.392549402575,64430.033220358455,64715.54296875,9724086
2023-10-16,64049.3515625,65191.390520523775,63573.50199665676,64620.371041511884,12599299
2023-10-17,66047.9140625,66523.76358744597,64144.51596271614,64430.02567768372,17299253
2023-10-18,67094.78125,67094.78125,65476.89290780142,65572.06281028369,16493184
2023-10-19,66143.0859375,66618.9354766187,66047.91602967626,66333.42575314749,13985012
2023-10-20,65476.8984375,65857.57807957848,64810.70906386265,65572.06834801962,15204495
2023-10-23,65096.2265625,65762.416015625,64905.88671875,65381.736328125,11625959
2023-10-24,65191.3828125,65476.892518248176,64430.02359717154,65381.72261633212,12791710
2023-10-25,64715.54296875,65476.90229779412,64620.373052619485,65476.90229779412,10610703
2023-10-26,63478.33203125,64620.37098833396,63478.33203125,63763.841770520994,15517624
2023-10-27,64049.3515625,64049.3515625,63478.332083488116,63859.011736162705,11334726
2023-10-30,64049.3515625,64525.20112834324,63478.332083488116,63573.50199665676,10139270
2023-10-31,63668.671875,65001.05065863229,63668.671875,64334.861266816144,14488892
2023-11-01,65286.5546875,65572.06440187682,64049.34592520044,64239.68573478499,13775256
2023-11-02,66333.4375,66618.94727403155,66047.92772596843,66618.94727403155,16350031
2023-11-03,66238.25,66809.26939655172,66143.0801005747,66333.41989942528,10322234
2023-11-06,67475.46875,67475.46875,65952.7501322285,66428.5997002821,22228489
2023-11-07,67475.46875,67475.46875,66618.93952750353,67189.95900916784,17228731
2023-11-08,66523.7578125,67951.30626341201,66333.41801904506,67856.13636668454,12901310
2023-11-09,66904.4375,67380.28698435277,66238.2482219061,66523.75791251777,12301373
2023-11-10,67094.78125,67094.78125,66143.0822251773,66618.93173758866,9684347
2023-11-13,66999.6171875,67856.14638449928,66904.4472767223,67856.14638449928,9246919
2023-11-14,67380.296875,67665.80660752118,67189.9570533192,67570.63669668078,9567984
2023-11-15,68712.671875,68712.671875,68046.48253549168,68141.65244113572,20148677
2023-11-16,69283.6953125,69474.03513478709,68807.84575678228,68998.18557906937,15860451
2023-11-17,68998.1796875,69474.0292025862,68807.83988146551,68807.83988146551,11494644
2023-11-20,69188.5234375,69474.03316282669,68617.50398684663,68617.50398684663,10610157
2023-11-21,69283.6953125,69854.71477936127,69188.52540135646,69569.20504593063,9712881
2023-11-22,69283.6953125,69474.03513478709,68427.16611220811,68712.67584563875,11105143
2023-11-23,68903.03125,69664.39071132596,68712.6913846685,69474.05084599448,6775614
2023-11-24,68236.8125,69093.34152719665,68236.8125,68903.00174337518,6676685
2023-11-27,67856.1484375,68617.50774675666,67665.80861018584,68046.48826481416,9113857
2023-11-28,69188.5234375,69188.5234375,67856.14471930881,67951.31462775102,13283081
2023-11-29,69188.5234375,69283.69334594223,68712.67389528886,68903.01371217331,9283933
2023-11-30,69283.6953125,69283.6953125,68712.67584563875,69188.52540135646,15783714
2023-12-01,68522.3359375,68998.18549262153,68236.82620442708,68903.01558159722,9871284
2023-12-04,69093.34375,69378.85343491736,68903.0039600551,69283.6835399449,10229267
2023-12-05,67760.9921875,68903.03138167135,67760.9921875,68807.86144882374,12129682
2023-12-06,68236.8125,68617.49206764296,68141.64260808926,68331.98239191074,8123087
2023-12-07,68046.484375,68427.16400786713,67665.80474213287,68331.99409965034,8862017
2023-12-08,69093.34375,69283.6835399449,68427.15448519283,68617.49427513774,10859463
2023-12-11,69474.0390625,69474.0390625,68712.67973030821,69283.69922945205,9861960
2023-12-12,69949.875,69949.875,69569.19540816326,69759.53520408164,13758646
2023-12-13,69283.6953125,69949.88469050481,69283.6953125,69759.54486821772,13116766
2023-12-14,69569.203125,70711.24202718878,68998.1836739056,70520.90221015732,27567593
2023-12-15,69759.546875,70425.73627216918,69664.37696111869,70235.39644440655,15419815
2023-12-18,69378.859375,69854.70889060356,69283.68947187929,69759.53898748285,9690551
2023-12-19,69854.71875,69854.71875,69283.6992506812,69474.03908378747,8907632
2023-12-20,71187.09375,71282.26366143048,70235.39463569518,70616.07428141711,16870156
2023-12-21,71377.4375,71377.4375,70711.24808333334,70996.75783333334,13478766
2023-12-22,72233.9609375,72614.64057353426,71758.11139245718,72138.79102849144,14515608
2023-12-26,72900.1484375,72995.31834407637,72043.61927831266,72424.29890461815,13164909
2023-12-27,74584.03125,74584.03125,73149.72295673077,73340.9640625,20651042
2023-12-28,75062.125,75062.125,74105.91958598726,74297.1606687898,17797536
2024-01-02,76113.9609375,76305.20204538316,74775.27318231785,74775.27318231785,17142847
2024-01-03,73627.8203125,75348.99013798701,73627.8203125,75062.12850040584,21753644
2024-01-04,73245.3359375,73914.67973849543,72767.23322250326,72767.23322250326,15324439
2024-01-05,73245.3359375,73723.43865249674,73054.0948515013,73340.95648049934,11304316
2024-01-08,73149.7265625,74105.93213848039,73054.10600490196,73627.8293504902,11088724
2024-01-09,71428.5546875,74297.17134161646,71046.07246695114,74010.30967620482,26019249
2024-01-10,70376.734375,71906.66338315218,69994.25212296196,71715.42225713315,20259529
2024-01-11,69994.234375,70376.71653005465,69516.1316811817,69707.37275870901,57691266
2024-01-12,69898.6328125,70854.83845972983,69611.77111833105,69803.01224777702,13038939
2024-01-15,70663.5859375,70759.20648680649,69994.24209235453,69994.24209235453,2957915
2024-01-16,69420.515625,70472.34161931818,69324.89508006198,70281.10052944215,14760415
2024-01-17,67890.5859375,70089.8584397007,67890.5859375,69898.61735255281,22683660
2024-01-18,68559.9375,68846.79916317991,67603.73195606694,68464.3169456067,17853397
2024-01-19,71428.5546875,71428.5546875,69803.00525016733,70281.1080258534,23363427
2024-01-22,71811.0234375,72671.6082723036,71715.4029002996,72575.98773510319,19673375
2024-01-23,71906.6484375,72480.37169630984,71046.06354928523,72384.75115317486,14786224
2024-01-24,70759.2109375,71906.65760135135,70281.10816089527,71906.65760135135,12860661
2024-01-25,70854.8203125,71524.16409412956,70472.33815156882,70950.44085273279,11737747
2024-01-26,70185.484375,71237.31043511581,70089.86382408038,70472.34602775886,11160062
2024-01-29,71141.6953125,71906.6597782258,70281.11028855847,70567.97196320564,13976521
2024-01-30,71046.0625,72002.26791722745,70472.33924966352,71715.40629205921,12244418
2024-01-31,69516.1328125,70759.1998366575,69324.89173186038,70185.47659473865,15703560
2024-02-01,70376.734375,70950.45775305707,69707.39043393343,69803.01099694293,19881033
2024-02-02,71906.6484375,71906.6484375,70472.3402904754,70759.20191988032,14955881
2024-02-05,71046.0625,71524.16520861372,70281.09816621803,70950.44195827725,19026021
2024-02-06,71141.6953125,71428.55698714718,70089.86917212702,71046.07475428427,14559254
2024-02-07,71715.421875,72193.5246875,71046.0779375,71332.939625,16566445
2024-02-08,70854.8203125,71906.64625506074,70376.71761133603,71715.40517459514,20810708
2024-02-13,71906.6484375,71906.6484375,71141.68409242021,71524.1662649601,21966745
2024-02-14,70759.2109375,71046.07260346283,70472.34927153715,70472.34927153715,12434945
2024-02-15,69994.234375,71141.68084016393,69802.99329747268,70950.43976263661,14120600
2024-02-16,69611.75,70185.47321428571,69324.88839285714,70089.85267857143,13444781
2024-02-19,70567.9609375,70663.58148077576,69611.75550474256,69611.75550474256,12726404
2024-02-20,70089.8671875,70472.34940953273,69611.76440995907,70472.34940953273,14681477
2024-02-21,69803.015625,70472.3596104452,69707.39505565069,70185.49790239726,11503495
2024-02-22,69898.6328125,70663.59733028385,69516.15055360807,70567.97676556087,15208934
2024-02-23,69707.390625,70950.45794753087,69707.390625,70376.73456790124,16225166
2024-02-26,69611.75,69994.23214285714,69038.02678571429,69133.64732142857,14669352
2024-02-27,69707.390625,70185.49344135803,69516.1494984568,69898.63175154322,13201981
2024-02-28,69994.234375,70663.57814634562,69611.75221994535,69707.37275870901,11795859
2024-02-29,70185.484375,70185.484375,68846.79666212534,69420.51996764305,21176403
2024-03-04,71619.7890625,71715.40960864486,70759.20414719626,71046.06578563084,23210474
2024-03-05,70472.34375,71524.16977611941,70472.34375,71332.92868046134,19505125
2024-03-06,69707.390625,70281.11400462964,69516.1494984568,69994.25231481482,21547905
2024-03-07,69038.0390625,70089.86514239959,69038.0390625,69898.6240369633,14516963
2024-03-08,70089.8671875,70185.48774300818,69420.5232989427,69611.76440995907,19271349
2024-03-11,69229.265625,69898.6093534185,69133.64509236878,69707.36828815608,9740504
2024-03-12,70089.8671875,70281.10829851637,68942.42052140177,69420.5232989427,13011654
2024-03-13,70854.8203125,70854.8203125,70281.09707110324,70472.33815156882,15243134
2024-03-14,71046.0625,71237.3035834455,70376.71870794077,71141.68304172275,22545539
2024-03-15,69133.6640625,70472.35188667012,69133.6640625,70185.49021006224,22580555
2024-03-18,69611.75,69802.99107142857,69324.88839285714,69420.50892857143,11520348
2024-03-19,69611.75,69802.99107142857,68559.92410714286,69133.64732142857,15376066
2024-03-20,73532.1953125,73819.05693270481,70185.47641011052,70472.33803031534,50106297
2024-03-21,75827.1015625,75827.1015625,74297.17265329444,75731.48100567465,44569799
2024-03-22,75444.6171875,76400.82272853295,74392.79109236375,76113.96106622307,26724761
2024-03-25,74775.2890625,76305.21825047953,74392.80676550511,76113.97710198209,18703996
2024-03-26,76400.828125,76592.06924671464,75731.48419899875,76209.58700328536,30551494
2024-03-27,76305.1953125,76496.43640350878,75731.47203947368,75731.47203947368,17424595
2024-03-28,77612.5078125,77804.61798035272,76075.62646967822,76267.73663753094,25084812
2024-03-29,79149.375,79245.43006674758,77708.54899878641,77996.71419902913,27126366
2024-04-01,78765.1640625,80013.880078125,78765.1640625,79917.825,20116513
2024-04-02,81646.8203125,81646.8203125,79629.66357536765,79629.66357536765,37077944
2024-04-03,80782.328125,81646.82390755054,80205.99760329965,80974.43829890012,30493347
2024-04-04,81934.984375,82127.09453766119,80974.43356169402,81838.9292936694,25248934
2024-04-05,81166.53125,81646.80658284025,80494.14578402367,81166.53125,18883752
2024-04-08,81166.53125,82607.35724852071,81166.53125,81838.91671597633,18953232
2024-04-09,80302.0625,81550.77878289473,79821.78700657895,81166.5583881579,23725956
2024-04-11,80782.328125,81358.65864670035,79245.44673379905,79917.83234244946,25538009
2024-04-12,80398.109375,81550.77044130824,79917.8339307049,81358.66026359021,17061770
2024-04-15,78957.28125,79917.83211678831,77996.73038321167,79629.66685675182,26663772
2024-04-16,76844.078125,78092.79439453124,76267.7475390625,77996.739296875,31949845
2024-04-17,75787.46875,77612.51552598226,75787.46875,77516.46043250951,22611631
2024-04-18,76459.84375,76940.1191504397,75211.12770885679,75691.40310929649,21370190
2024-04-19,74538.7421875,75595.34806902384,73290.0261456991,75211.12774846972,31317563
2024-04-22,73097.921875,74442.69310528909,72137.37099622207,74346.6380174113,30469477
2024-04-23,72521.59375,73770.30993377483,72521.59375,73386.08956953643,18717699
2024-04-24,75499.296875,75691.4070451654,74154.52568384224,74442.69093909033,22166150
2024-04-25,73290.015625,74442.67642119921,73290.015625,74250.56628849935,15549134
2024-04-26,73674.25,74826.91101694915,73482.13983050847,74730.85593220338,12755629
2024-04-29,73674.25,74538.74576271186,73193.97457627118,74346.63559322033,14664474
2024-04-30,74442.6953125,75403.24621975806,73578.19949596774,73962.41985887097,19007007
2024-05-02,74922.96875,75499.29927884616,74250.58313301283,74538.7483974359,18900640
2024-05-03,74538.7421875,75883.51330943943,74442.68710736146,75883.51330943943,13151889
2024-05-07,78092.78125,78092.78125,76267.73470172202,76459.84486469865,26238868
2024-05-08,78092.78125,78188.83633148832,77324.34059809348,77612.50584255843,13089576
2024-05-09,76555.8984375,78284.88987021644,76555.8984375,77900.66955183502,18759935
2024-05-10,76075.625,77900.67155934343,75787.45975378787,77228.28598484848,16976124
2024-05-13,75307.1875,76748.01379145408,74538.7468112245,76267.7383609694,18652344
2024-05-14,75211.1328125,75691.40824553001,74826.91246607598,75499.29807231801,11763992
2024-05-16,75115.078125,77132.23495444373,75019.02303788363,77036.17986732737,20989778
2024-05-17,74346.6328125,75691.4039486434,74154.5226501938,75499.2937863372,15918201
2024-05-20,75787.46875,75979.5789369455,74826.91781527249,75019.028002218,19456783
2024-05-21,75307.1875,75883.51801658164,75115.07732780612,75403.24258609694,13690583
2024-05-22,74634.8046875,75595.35558437902,74250.58432874839,75019.02504625161,19521506
2024-05-23,75211.1328125,75979.57350534802,74058.47177322797,74634.80229286398,18728087
2024-05-24,72905.8125,73962.41847826086,72713.70232213438,73770.30830039525,27891278
2024-05-27,74154.5390625,75115.09008662564,71080.77578529793,72329.49211666126,43825202
2024-05-28,74538.7421875,74922.96250805412,73193.97106556056,73482.13630597615,18539072
2024-05-29,72233.421875,75115.07434341755,72233.421875,74634.79893201463,30244875
2024-05-30,70600.4765625,72233.41275510205,70600.4765625,71849.1924744898,28551273
2024-05-31,70600.4765625,71753.13740433674,70600.4765625,71561.02726403062,26198776
2024-06-03,72713.6953125,73386.08087021137,71272.86911740423,71464.97927675034,15706268
2024-06-04,72329.4765625,73097.91721655047,71945.25623547476,71945.25623547476,14098053
2024-06-05,74346.6328125,74922.96329941861,73770.30232558139,74922.96329941861,23177968
2024-06-07,74250.5859375,75499.30213049806,74058.47575396184,75307.1919469599,21189349
2024-06-10,72713.6953125,73578.19102955746,72617.64023282695,73097.91563119221,14598755
2024-06-11,72233.421875,73001.86253324468,72137.36679271942,72905.80745096409,16971175
2024-06-12,73482.140625,74058.47113970589,72233.42450980392,72329.47959558823,19246725
2024-06-13,75499.296875,75883.5172153308,74730.85619433843,75307.1867048346,33763804
2024-06-14,76459.84375,77324.33947079146,75883.51326947237,76555.89883008794,22926612
2024-06-17,75019.015625,76363.78671174776,74922.96054737516,76075.62147887323,16123051
2024-06-18,76651.9609375,77036.18129307644,75499.29987077067,75595.35495966478,18207598
2024-06-19,77996.7265625,79245.4426281558,77324.34098868535,77900.67148052648,24168863
2024-06-20,78380.9609375,78957.29153262867,77996.74054074755,78284.90583831188,20288913
2024-06-21,76844.078125,77612.51890625,76844.078125,77516.46380859375,17907523
2024-06-24,77420.40625,77708.57153380894,76363.80020936724,76555.91039857319,15454227
2024-06-25,77612.5078125,78573.05865176361,76940.12222501547,77420.39764464728,19088458
2024-06-26,78092.78125,78188.83633148832,76748.01010916359,76940.12027214022,17783242
2024-06-27,78730.546875,78730.546875,77669.22822840074,78441.09633501839,11739720
2024-06-28,78634.046875,79019.98084739264,77958.66242331288,79019.98084739264,9455929
2024-07-01,78923.5,79212.95048899755,78441.08251833741,78634.04951100245,11317202
2024-07-02,78923.5,79695.36797066014,78634.04951100245,79598.88447432763,14471904
2024-07-03,78923.5,79405.91748166259,78151.63202933985,79405.91748166259,11440328
2024-07-04,81625.0546875,81721.53820367907,79502.41733156028,79984.83491245567,43857229
2024-07-05,84037.125,84037.125,82203.93857634903,82589.87256027554,45791193
2024-07-08,84326.578125,85484.38011298627,83844.16063000572,84808.99561999428,24035809
2024-07-09,84712.5234375,85098.45748505126,83844.17183050969,84712.5234375,21336201
2024-07-10,84712.5234375,84905.49046127562,84037.13885428531,84519.55641372438,17813847
2024-07-11,84519.5546875,85677.35680650685,83651.20309824486,85387.90627675514,24677608
2024-07-12,81432.0859375,83072.30567794728,81142.63539506814,82879.33864965936,26344386
2024-07-15,83651.1953125,84230.09631812284,81142.62428813438,81721.52529375721,25193080
2024-07-16,84616.0390625,84905.48959521095,83651.20395346351,83844.17097527081,16166688
2024-07-17,83651.1953125,84905.48082468282,83361.74480968858,84037.12931624857,18186490
2024-07-18,83844.171875,83844.171875,80853.18300489068,80853.18300489068,24721790
2024-07-19,81432.0859375,83072.30567794728,81142.63539506814,82589.8881072275,18569122
2024-07-22,80081.3203125,81914.50716302711,79695.38623870481,81432.08957078314,18987560
2024-07-23,80949.6640625,81721.53213460965,80467.24651743147,81239.11458954112,15766389
2024-07-24,79116.46875,80370.75423018292,79019.98525152438,79984.82023628049,16939083
2024-07-25,77572.7421875,78151.64324860074,77283.29165694963,77572.7421875,20323811
2024-07-26,78055.15625,78441.09027348578,77572.73872064277,77862.18923825711,14508334
2024-07-29,78344.609375,79116.4774476601,78248.1258659175,78730.54341133006,12797136
2024-07-30,78151.6328125,78151.6328125,77186.79783950617,77572.7318287037,13169636
2024-07-31,80949.6640625,80949.6640625,78055.1587920888,78344.60931912992,20744323
2024-08-01,80177.78125,83072.28598826715,80177.78125,82975.80249699157,20900338
2024-08-02,76800.875,78537.5782035176,76704.39148869347,78151.64415829146,25800275
2024-08-05,68889.2265625,74195.81964504551,67731.42443539917,74002.85262386205,54608790
2024-08-06,69950.546875,72652.08523706897,69757.57984913794,72266.15118534483,47295226
2024-08-07,72073.171875,73327.45732931727,70239.98544176707,70432.95243473895,32710428
2024-08-08,70818.8984375,71301.31600178815,69950.54682178133,70625.93141178474,28414729
2024-08-09,72073.171875,73134.49033634538,71590.75439257028,73038.00683985944,16388222
2024-08-12,72845.046875,73230.98089817881,72169.66233443709,72555.5963576159,9839259
2024-08-13,73423.9453125,73906.36282440867,72845.0442982096,73809.87932202694,10716261
2024-08-14,74485.265625,75064.16665317358,74292.29861560882,74678.2326343912,13246168
2024-08-16,77379.7734375,77379.7734375,75932.52081709789,76607.90537328554,22061478
2024-08-19,75546.578125,77283.2810704023,75257.12763409961,77283.2810704023,14146565
2024-08-20,76125.4921875,76993.84380941064,75932.52516040874,76704.39326877377,10683836
2024-08-21,75546.578125,75836.02861590039,75064.16064016602,75160.64413713283,7805598
2024-08-22,75546.578125,76125.47910680076,75064.16064016602,75932.51211286717,8149101
2024-08-23,74967.6953125,75643.07995495496,74774.72827179858,74967.6953125,9420306
2024-08-26,73423.9453125,75450.09886251643,73327.46181011827,75353.61536013469,15655938
2024-08-27,73134.5,73809.8845646438,72941.53298153034,73038.01649076516,11130145
2024-08-28,73713.3984375,73713.3984375,72748.56337941754,73134.49740265052,9794514
2024-08-29,71397.796875,72073.18144003378,70915.3793285473,71011.86283783783,16884479
2024-08-30,71687.25,72362.63458950202,71494.28297442799,71783.733512786,16358520
2024-09-02,71783.7265625,72073.17707283267,70915.37503150202,71880.21006594422,12641376
2024-09-03,69950.546875,71687.25010775862,69950.546875,71494.28308189656,16314599
2024-09-04,67538.453125,68599.77167410715,67345.48611607144,67345.48611607144,27366563
2024-09-05,66573.625,68696.26231884057,66573.625,67634.94365942029,25686769
2024-09-06,66477.140625,67249.00873095065,65608.78900580552,66670.10765148766,19022299
2024-09-09,65126.36328125,65801.74778935185,64258.01177083333,64547.46227430555,23263298
2024-09-10,63872.08203125,64933.40061485083,63679.115016049844,64643.9500920506,30651376
2024-09-11,62617.80078125,63196.70186705509,61942.41618114407,62810.7678098517,35809707
2024-09-12,63968.5703125,64258.02085690045,62907.25164969834,63679.11976809955,35884106
2024-09-13,62135.37890625,63196.69749005241,62038.8953986316,62714.2799519604,25045135
2024-09-19,60881.08984375,62135.37537143423,60012.738324583996,61749.44136291601,49402713
2024-09-20,60784.609375,62424.828993055555,60784.609375,61556.477430555555,32746056
2024-09-23,60398.67578125,61267.027349990014,60012.74175069888,60109.225258336664,28542376
2024-09-24,60977.57421875,61170.54122577136,60205.706190664554,60591.64020470728,26957500
2024-09-25,60012.74609375,61942.416386153534,60012.74609375,61556.48232767283,28652438
2024-09-26,62424.828125,62617.79513620556,61459.99306897218,61652.96008017774,37566015
2024-09-27,62289.9609375,63454.25927278037,62289.9609375,62775.08524386682,28433030
2024-09-30,59670.29296875,62386.9892339939,59670.29296875,62289.964367378045,32694163
2024-10-02,59476.24609375,60058.39532142129,58117.89789585032,58700.04712352161,28473536
2024-10-04,58797.07421875,59864.34784318275,58700.04934380156,59185.17371854372,24247578
2024-10-07,59185.17578125,60058.39968621926,57729.80260630123,58408.97675461065,35066533
2024-10-08,58506.0,59185.17412935323,58117.90049751244,58214.92537313433,27411786
2024-10-10,57147.6484375,58408.971747665535,57147.6484375,58311.9468776528,45262214
2024-10-11,57535.7421875,58311.94107029933,57244.66760645025,57341.692466800174,29623969
2024-10-14,57535.7421875,59379.2145341484,57632.76704784992,57729.79190819983,20886249
2024-10-15,59185.17578125,59573.27529456967,58311.951876280735,59282.20065957992,22715239
2024-10-16,57729.796875,58214.9212184874,57438.722268907564,57632.77200630252,23303268
2024-10-17,57923.8515625,58311.95107045645,57341.702300565325,57632.776931532666,23372873
2024-10-18,57438.71875,58311.94251478041,57341.69388724663,58117.892789273654,14420260
2024-10-21,57244.671875,57826.821080508475,56759.54753707627,57244.671875,18514905
2024-10-22,55983.34765625,57147.64604771447,55983.34765625,57050.6211817591,27582527
2024-10-23,57341.69921875,58214.92306472081,55401.201783259305,55789.30127035744,27300780
2024-10-24,54916.078125,56759.55071223499,54916.078125,56468.47609319788,31499922
2024-10-25,54236.90234375,55207.151043995975,54139.877473725406,54333.9272137746,25829315
2024-10-28,56371.4453125,56759.54476387694,54042.84860423838,54042.84860423838,27775009
2024-10-29,57826.82421875,57826.82421875,55595.25214319421,56274.426253145975,28369314
2024-10-30,57341.69921875,58020.87332117174,56856.57485987732,57341.69921875,19838511
2024-10-31,57438.71875,59379.21600506757,56565.4949852196,56759.54471072635,35809196
2024-11-01,56565.5,57826.823327615784,56371.450257289885,57244.67409948542,19083180
2024-11-04,56953.6015625,57632.775686754685,56662.52693781942,56856.57668760647,15586947
2024-11-05,55886.32421875,56371.44856092665,55498.22474500868,56080.37395562066,17484474
2024-11-06,55595.25,56274.424083769634,54625.00130890052,55886.32460732984,22092218
2024-11-07,55595.25,56371.44895287958,55110.12565445026,55207.15052356021,17043102
2024-11-08,55304.17578125,56565.49908854167,55304.17578125,56274.424479166664,13877396
2024-11-11,53363.6796875,55110.12738636364,53363.6796875,55013.10251420455,29811326
2024-11-12,51423.1796875,52975.57756485849,51423.1796875,52975.57756485849,37962881
2024-11-13,49094.58203125,51423.17880743577,48997.55716557559,50452.930150691696,52527995
2024-11-14,48415.41015625,50258.8826872495,48415.41015625,48706.48476640781,48510715
2024-11-15,51908.30078125,52587.47481016355,48803.50522050233,48803.50522050233,46774485
2024-11-18,55013.09765625,55789.296564980155,54236.89874751984,55304.17224702381,48095234
2024-11-19,54625.0,55789.29840142096,54236.90053285968,54819.049733570166,31539632
2024-11-20,53654.75390625,54819.05236352848,53169.62954905063,54430.952877768985,20864667
2024-11-21,54722.02734375,55207.15169963431,53072.60453374335,53266.65427609708,19096850
2024-11-22,54333.92578125,55013.099853515625,54236.90091378349,54333.92578125,15281543
2024-11-25,56177.3984375,56177.3984375,55013.10002428757,55692.27409866149,36237325
2024-11-26,56565.5,57147.649228130365,55789.30102915952,56177.400514579764,23209405
2024-11-27,54625.0,56080.3730017762,54333.925399644766,55983.34813499112,21808387
2024-11-28,53848.8046875,54722.0285472973,53557.730067567565,54333.92905405405,20001134
2024-11-29,52587.47265625,53654.746086542895,52199.37322705258,53460.696371944185,24513531
2024-12-02,52005.328125,52781.5270522388,51520.20379547575,52684.50218633396,22044867
2024-12-03,52005.328125,52781.5270522388,51520.20379547575,51520.20379547575,23374603
2024-12-04,51520.20703125,51811.28164724576,50452.93343926554,50452.93343926554,29004766
2024-12-05,52102.35546875,52781.529562383614,51617.231116154566,51617.231116154566,23588277
2024-12-06,52490.453125,52781.527726432534,51132.10498498152,52296.403390711646,22861874
2024-12-09,51811.27734375,52975.57571102528,51617.22761587079,51908.30220768961,26227680
2024-12-10,52393.4296875,52878.554036458336,52102.355078125,52878.554036458336,20783970
2024-12-11,52393.4296875,52587.47942708334,51811.28046875,52005.33020833333,14565947
2024-12-12,54236.90234375,54819.051563897585,52296.40494325805,52393.42981328265,33476698
2024-12-13,54430.953125,54625.00286876114,53848.80389371658,54139.878509358285,15908823
2024-12-16,53945.82421875,54916.07285577788,53557.724763938844,54624.99826466951,15277277
2024-12-17,52587.47265625,53557.72122924354,52393.42294165129,53072.59694274677,20215230
2024-12-18,53266.65234375,53751.776682035525,52393.42853483607,52490.45340249317,13698937
2024-12-19,51520.20703125,52199.38113524011,51520.20703125,51908.30651924435,22481925
2024-12-20,51423.1796875,51520.204554834905,50355.906146816036,51132.105085495285,24674774
2024-12-23,51908.30078125,52393.42508761682,51714.25105870327,51811.27591997664,13672650
2024-12-24,52781.5234375,52878.54829676011,52005.32456341912,52102.34942267923,11634677
2024-12-26,52005.328125,52975.576784048506,51908.30325909515,52878.551918143654,10517075
2024-12-27,52457.6171875,52848.362939362196,51969.18499767225,52262.2443115689,10747196
2024-12-30,51969.1875,52750.67904135338,51871.50105733083,52066.873942669175,12624702
2025-01-02,52164.55859375,52359.93147237827,51090.00776129447,51480.75351855103,16630538
2025-01-03,53141.421875,53825.226935891544,51578.43887867647,51578.43887867647,19318046
2025-01-06,54606.71875,54899.77806350626,53043.735744633275,53141.42218246869,19034284
2025-01-07,54118.2890625,55974.33146717058,54118.2890625,55485.89925541516,17030235
2025-01-08,55974.328125,56169.70099803665,53434.48077552356,53532.16721204188,26593553
2025-01-09,54802.09375,56365.07681595365,54802.09375,56267.390374331546,24490592
2025-01-10,54020.60546875,55192.84283877713,53922.91902124774,54802.09704876808,16059223
2025-01-13,52848.36328125,53727.54122862754,52848.36328125,53336.79547423752,16868600
2025-01-14,52652.9921875,53336.797280844155,52457.61930368738,52946.051513218925,17465926
2025-01-15,52457.6171875,53434.48156715549,52262.2443115689,52848.362939362196,18625025
2025-01-16,53043.73828125,53727.54337879834,52848.365396236186,52946.05183874309,18627298
2025-01-17,52457.6171875,52848.362939362196,51969.18499767225,52555.303625465545,18805344
2025-01-20,52164.55859375,52652.99079032069,52066.87215443586,52359.93147237827,11822531
2025-01-21,52262.24609375,53043.73762412383,52066.87321115655,52457.61897634346,13535702
2025-01-22,53043.73828125,53141.42472375691,51871.50097116713,52164.560298687844,18341991
2025-01-23,52457.6171875,52848.362939362196,52262.2443115689,52457.6171875,15588067
2025-01-24,52457.6171875,52555.303625465545,51969.18499767225,52359.93074953445,11867631
2025-01-31,51187.6953125,51773.813961116415,50503.89022244752,50992.322429627864,42186279
2025-02-03,49820.0859375,50210.83170955882,49624.713051470586,49917.7723805147,32344897
2025-02-04,51480.75390625,52359.93186669829,50308.51662565227,50406.20306570209,27214851
2025-02-05,51676.12890625,52555.30690276465,51578.44246219282,52359.93401465028,15974885
2025-02-06,52750.6796875,52750.6796875,51969.18813657407,52164.561024305556,16466025
2025-02-07,52457.6171875,52946.04937732774,52359.93074953445,52652.9900634311,14476866
2025-02-10,54313.66015625,54606.71947363984,51676.12629974146,51773.812738871406,27577591
2025-02-11,54411.34375,54997.46235412927,53727.53871184919,54215.97088195691,24596196
2025-02-12,54509.03515625,54606.72159918235,53239.111398129484,53825.230055723565,26428596
2025-02-13,54509.03515625,55095.15381384409,54313.662270385306,54802.09448504705,22448377
2025-02-14,54704.40625,55974.32996651786,54704.40625,54704.40625,23979779
2025-02-17,54704.40625,55192.83844866072,54411.34693080357,54802.09268973215,11916027
2025-02-18,55583.5859375,55876.64526581722,54606.721509775925,54899.780838093146,22131007
2025-02-19,57341.9375,57537.31037052811,55974.32740630324,56072.01384156729,25395151
2025-02-20,57048.87890625,57732.683961633134,56755.81959680009,57732.683961633134,21589059
2025-02-21,56853.51171875,57146.571057506444,55778.96080997637,57048.884611254296,22198428
2025-02-24,55974.328125,56365.0738710733,55876.64168848167,55974.328125,14138471
2025-02-25,55876.64453125,56462.7631801792,55192.839440832606,55290.525882320806,14625181
2025-02-26,55290.5234375,55778.95562334364,54802.09125165636,55681.26918617491,18117091
2025-02-27,54997.46484375,55778.956351298846,54899.778405306395,55192.83772063721,14975356
2025-02-28,53239.10546875,54411.34265338303,53239.10546875,54118.28335722477,28036698
2025-03-04,53239.10546875,53727.53762901376,52555.30044438074,52652.98687643348,18553933
2025-03-05,52750.6796875,54118.28990162037,52750.6796875,53825.230570023145,16578817
2025-03-06,53043.73828125,53239.111166263814,52750.678953729286,52848.365396236186,12258101
2025-03-07,52457.6171875,52946.04937732774,52164.55787360335,52262.2443115689,14274992
2025-03-10,52457.6171875,53532.16800512104,52262.2443115689,52262.2443115689,12921670
2025-03-11,52359.93359375,52848.36581010961,51285.38271775886,51285.38271775886,17740891
2025-03-12,53629.8515625,54020.59729337432,52359.92793715847,52555.30080259562,17973221
2025-03-13,53434.484375,54606.72169218464,52946.0521595064,54509.03524908592,24132151
2025-03-14,53434.484375,53825.230147394876,53141.425045703836,53239.111488802555,10845154
2025-03-17,56267.38671875,56462.75958930122,54118.28514268663,54215.97157796224,35559021
2025-03-18,56267.38671875,57634.99681260851,55974.32741292318,57439.6239420573,28138594
2025-03-19,57146.5625,57830.36752136752,56072.01175213675,56072.01175213675,29421759
2025-03-20,58807.23828125,58904.92472357766,57146.56876167982,57830.37385797342,34989004
2025-03-21,60272.53125,60272.53125,59002.607576985414,59491.0397589141,40155612
2025-03-24,59100.296875,60174.84772727273,59100.296875,59784.10196280992,14088094
2025-03-25,58416.4921875,59686.41593070653,58123.432862144655,59491.04304713629,17259455
2025-03-26,59979.4765625,59979.4765625,58318.80701598127,58416.49345989414,16431645
2025-03-27,60370.21875,60565.591626213594,59393.354368932036,59491.04080703884,20389790
2025-03-28,59156.62890625,60041.03033508098,58960.09525539867,59647.96303337832,16282514
2025-03-31,56798.2265625,58665.29629379325,56798.2265625,58468.76263786765,17633494
2025-04-01,57780.890625,58567.02519132653,56896.48923788265,57682.62380420918,13841706
2025-04-02,57780.890625,58370.4915497449,57289.55652104592,57780.890625,14402297
2025-04-03,56601.6875,56798.22113715278,55913.81976996528,55913.81976996528,19508076
2025-04-04,55127.6875,57191.29077540107,54734.620209447414,55225.95432263814,23527139
2025-04-07,52277.94921875,53162.3506153078,52179.68239691024,52376.21604058975,31998883
2025-04-08,52572.75,54341.55280373832,52376.21635514019,54046.7523364486,25532845
2025-04-09,52081.4140625,53358.882709316036,51983.147243514155,52376.21451945755,20576960
2025-04-10,55422.48828125,55717.28875083112,54046.752756538124,55619.02192763741,22948172
2025-04-11,54243.28515625,54734.61926092618,53850.217872509056,54636.352439990944,13930480
2025-04-14,55225.953125,55717.287227535584,54832.88584297153,55324.21994550712,12852613
2025-04-15,55619.01953125,56110.35362604903,55225.95225541078,55324.21907437059,8998640
2025-04-16,53751.953125,55225.95549588666,53555.41947554845,55029.4218464351,14437025
2025-04-17,54145.015625,54341.54925703267,53555.414728902,53751.948360934664,10867069
2025-04-18,54341.5546875,54636.35516500904,53948.48738415461,54341.5546875,5848342
2025-04-21,54439.8203125,55029.421254512636,54145.01984149368,54243.28666516246,5941847
2025-04-22,54046.75,54538.08409090909,53751.94954545455,53948.483181818185,9532469
2025-04-23,54734.6171875,55127.68445635099,54538.08355307451,55029.41763913824,11148692
2025-04-24,54734.6171875,54832.884004712745,54243.28310143627,54636.350370287255,10580377
2025-04-25,54734.6171875,55422.48490798923,54636.350370287255,55422.48490798923,12183303
2025-04-28,54832.88671875,54931.15354082661,54538.08625252016,54832.88671875,9341518
2025-04-29,54832.88671875,55520.75447328629,54636.35307459677,54734.61989667339,10295518
2025-04-30,54538.0859375,55029.420045045044,54341.55229448198,54931.153223536036,13014189
2025-05-02,53358.8828125,54538.08464261049,53260.61599332412,54046.75054673112,22454204
2025-05-07,53653.68359375,54046.75087282509,53358.883134443684,53555.416773981226,17136991
2025-05-08,53653.68359375,54538.084971668955,53555.416773981226,54145.017692593865,16320532
2025-05-09,53850.21875,54046.75239507299,53457.15145985401,53751.9519274635,7814322
2025-05-12,56601.6875,56601.6875,54046.75021701389,54243.28385416667,15414702
2025-05-13,55913.8203125,57191.288966388405,55815.553492970124,56699.95486873902,16842801
2025-05-14,56405.15625,56896.490363675955,56012.088959059234,56503.42307273519,12468089
2025-05-15,56306.88671875,57584.35535285777,56110.35308273342,56405.15353675829,13139736
2025-05-16,55815.55078125,56503.41848454005,55717.28396649428,56405.15166978433,10385352
2025-05-19,54832.88671875,55422.487651209674,54538.08625252016,55422.487651209674,9802105
2025-05-20,54931.15234375,55717.286903231216,54734.6187038797,55225.95280355546,9080577
2025-05-21,54734.6171875,55619.01854241472,54734.6171875,55225.95127356373,7794181
2025-05-22,53751.953125,54538.087722806216,53555.41947554845,54341.554073354666,15254278
2025-05-23,53260.61328125,54243.281422970475,53162.34646707795,54046.74779462638,11247115
2025-05-26,53751.953125,54046.75359917733,52769.28487774223,52965.818527193784,10901337
2025-05-27,52965.81640625,53555.4173309949,52867.54958545918,53260.61686862245,13439520
2025-05-28,54931.15234375,55127.68598362031,53260.616404852415,53358.88322478757,17516283
2025-05-29,55127.6875,55422.487967914436,54636.35338680927,55225.95432263814,12936810
2025-05-30,55225.953125,56208.621330071175,54832.88584297153,55225.953125,26219683
2025-06-02,55815.55078125,56306.88485502861,55225.94989271567,55324.216707471394,12870515
2025-06-04,56798.2265625,56896.493390462805,55815.55828287198,56208.625594723184,19649983
2025-06-05,58075.6875,58861.82201776649,56896.48572335025,57093.019352791875,23266027
2025-06-09,58763.55859375,59353.15951609532,58468.75813257734,59353.15951609532,19609659
2025-06-10,58173.953125,59058.35443940033,57780.8858741554,58960.08762668919,15305760
2025-06-11,58861.82421875,59058.35785554049,58370.49012677379,58468.756945169036,13610734
2025-06-12,58468.76171875,58960.09585084034,58272.22806591387,58665.29537158614,17755115
2025-06-13,57289.5546875,59156.62422277015,56699.95378162521,59156.62422277015,20705979
2025-06-16,56208.62109375,57093.02247459572,55913.820633468094,56994.75565450175,22200872
2025-06-17,57093.01953125,58763.55538672548,56405.15182605422,56798.21908616609,28637003
2025-06-18,58763.55859375,58763.55859375,56896.48900632316,56994.75582671405,17620705
2025-06-19,58173.953125,59549.68850295608,57977.4194995777,59451.421690244926,16876278
2025-06-20,58468.76171875,58763.562198004205,58075.694413077734,58370.49489233194,18072251
2025-06-23,56994.75390625,57486.0879916487,56601.68663793103,57387.82117456896,16551694
2025-06-24,59451.42578125,59549.692600723145,58272.22394757232,58370.490767045456,23737899
2025-06-25,60237.5625,60532.36296900489,59254.894269983684,60434.09614600326,23933612
2025-06-26,59156.62890625,60237.563985932306,58861.82842997301,60237.563985932306,19402300
2025-06-27,60112.6953125,60903.65182976973,59321.73879523026,59420.608359888975,17340470
2025-06-30,59124.0,60508.17391304348,59124.0,60508.17391304348,17110294
2025-07-01,59519.4765625,60409.30262406561,59519.4765625,59717.21568729236,13650991
2025-07-02,60112.6953125,60211.564877158715,59123.99966591283,59519.4779245477,15047951
2025-07-03,63078.78125,63078.78125,60409.30304663009,60607.04217280564,32040639
2025-07-04,62584.43359375,63968.6074804996,62287.82490373223,63968.6074804996,23748959
2025-07-07,61002.51953125,62584.432517473666,61002.51953125,62188.95427091775,17164708
2025-07-08,60705.91015625,61694.60576140065,60310.43191418974,60903.64927728013,20213724
2025-07-09,59717.21875,60705.914424668874,59519.47961506623,60705.914424668874,17533415
2025-07-10,60310.4375,60508.17663934427,59717.220081967214,59914.95922131148,14768473
2025-07-11,61892.34375,62090.082867412144,60508.16992811502,60607.039486821086,19140650
2025-07-14,61793.4765625,61892.346125,61101.389624999996,61595.7374375,13563846
2025-07-15,62979.9140625,63078.78362931711,61299.13142660911,61595.740127060446,18442202
2025-07-16,63968.609375,63968.609375,62386.69631472179,62979.91371232612,23042660
2025-07-17,65946.0,66044.86956521739,63672.0,65155.04347826087,39448683
2025-07-18,66341.46875,67033.55560730254,65550.51234165425,66242.59919895678,23951531
2025-07-21,67033.5625,68022.2581120944,66440.34513274336,66638.08425516225,17723148
2025-07-22,65253.91015625,67725.64917732007,64858.43191287878,67330.17093394886,20829006
2025-07-23,65649.390625,65748.26018919428,64166.34716208584,65451.65149661144,15687058
2025-07-24,65253.91015625,66044.86664299242,65155.0405954072,65748.25796046402,12660193
2025-07-25,65155.046875,65550.5251564871,64759.5685935129,64957.30773425645,8080910
2025-07-28,69604.171875,69604.171875,66440.34588068182,67429.04150390625,35332500
2025-07-29,69801.9140625,69999.65319582153,68022.26186260623,69999.65319582153,28190940
2025-07-30,71779.3046875,72866.86991003787,69801.91337379477,70197.39163653582,34761444
2025-07-31,70592.8671875,73163.47579656863,70197.38893995098,72174.78017769607,26568072
2025-08-01,68121.1328125,71186.08944121916,68022.26324383164,69406.43720518867,24038534
2025-08-04,68912.0859375,69406.43375627689,67923.3902999462,68714.34680998923,14780072
2025-08-05,69109.8203125,70691.73322380186,68912.08119858727,70197.38543902003,14392903
2025-08-06,68022.2578125,68615.47517714389,67527.91000863009,68417.73605559593,12542415
2025-08-07,69703.046875,70197.3947251773,68912.09031471632,69999.65558510639,15008213
2025-08-08,70988.34375,71581.56110724233,69900.77859505572,70197.38727367688,22241128
2025-08-11,70197.3828125,71284.94789832746,69999.64370598592,71186.07834507042,11354253
2025-08-12,70296.265625,71581.57005977497,70296.265625,70296.265625,15797656
2025-08-13,71087.2109375,71284.95004998261,70592.86315629346,71087.2109375,12305742
2025-08-14,70790.609375,71087.2180734986,70395.13111033519,71087.2180734986,11946122
2025-08-18,69208.6953125,70395.13008928571,69208.6953125,70296.26052455357,13595591
2025-08-19,69208.6953125,69900.782265625,68912.08661830357,69604.17357142858,10533082
2025-08-20,69703.046875,69900.78601507093,68615.48160460993,69307.56859485815,17445516
2025-08-21,69801.9140625,71087.21842908995,69801.9140625,70691.74016244689,18843833
2025-08-22,70592.8671875,70988.34543504902,69999.64981617646,70889.47587316176,9277432
2025-08-25,70691.734375,70988.3430506993,70197.38658216783,70889.47349213286,10345178
2025-08-26,69505.296875,70296.25331169985,69505.296875,69999.64464793741,14712519
2025-08-27,69801.9140625,70098.5227624823,69010.95752921388,69307.56622919618,10523405
2025-08-28,68813.2265625,69604.18318965517,68813.2265625,69307.57445447198,11578024
2025-08-29,68912.0859375,69703.04244754303,68912.0859375,69307.56419252152,11682267
2025-09-01,66835.8203125,67824.51587925295,66736.9507558247,67626.77676590237,12002343
2025-09-02,68318.8671875,68714.34543460564,67033.56288440665,67033.56288440665,10604028
2025-09-03,69010.9609375,69010.9609375,68022.26522206304,68417.74350823782,10283009
2025-09-04,69307.5625,69307.5625,68516.60600927247,68714.34513195435,12284414
2025-09-05,68714.34375,69604.16978417267,68714.34375,69505.30022482015,11526724
2025-09-08,69307.5625,69703.04074536377,68813.21469329529,69010.95381597718,9263135
2025-09-09,70691.734375,70691.734375,69208.6909965035,69307.56055506993,14870245
2025-09-10,71779.3046875,71977.04381887052,70790.60903064738,70988.34816201791,21928565
2025-09-11,72570.2578125,72767.9969346049,71284.95351881812,72372.5186903951,20793501
2025-09-12,74547.6484375,74745.38755802387,73361.21371435677,73756.69195540452,28219678
2025-09-15,75635.21875,76722.7839869281,75042.00134803922,76327.30571895425,19908805
2025-09-16,78502.4375,78601.3070686398,75832.95914672544,76030.69828400503,28218265
2025-09-17,77316.0,78205.82608695653,76228.4347826087,78205.82608695653,20856317
2025-09-18,79392.265625,79590.00476727895,77711.48291562889,78205.83077132628,25619035
2025-09-22,82556.0859375,83050.43375748502,80183.21640157186,80578.69465755987,27529656
2025-09-23,83742.5234375,84928.9582441706,82654.95819805196,84830.08867694806,23610263
2025-09-24,84434.609375,84533.47894101287,82753.82675278102,83248.17458284543,18300997
2025-09-25,85126.6953125,85225.56487732287,83149.3040160424,83445.91271051104,19665151
2025-09-26,82358.34375,84335.7349564826,81468.51770708284,84039.1262755102,24071193
2025-09-29,83619.59375,84414.0792013064,82626.48693586698,82725.79761728029,13069094
2025-09-30,83321.6640625,84314.77090472289,82825.11064138856,84016.83885205601,16319061
2025-10-01,85407.1875,85605.80886627907,84116.14861918605,84314.76998546511,22039361
2025-10-02,89131.3359375,89677.54468140668,88088.57379004179,88684.43787430362,49883028
2025-10-10,93749.2890625,93848.5997500662,92061.00737387447,93352.04631223516,35269748
2025-10-13,92656.8671875,92756.17787044481,90074.78943093515,90670.65352860397,23883308
2025-10-14,90968.5859375,95338.25600436682,89578.23637076965,94643.08122100164,35545235
2025-10-15,94345.1484375,94643.08048519737,91465.13864309211,91663.76000822369,21050111
2025-10-16,97026.53125,97026.53125,94345.14297594677,94643.07500639714,28141060
2025-10-17,97225.15625,98416.88441649642,96033.42808350358,96529.98148621042,22730809
2025-10-20,97423.7734375,97622.3947900739,95338.24923547401,97225.1520849261,17589756
2025-10-21,96827.9140625,99211.37040865385,96629.29270032051,97821.02087339744,22803830
2025-10-22,97920.328125,97920.328125,94841.6971190416,96430.66796082657,15937611
2025-10-23,95834.8046875,97821.01825615285,95636.18333063471,96132.73672279793,18488581
2025-10-24,98118.953125,98317.57448760122,97026.53563069331,97225.15699329453,18801925
2025-10-27,101296.890625,101296.890625,99906.54114583333,100601.71588541666,22169970
2025-10-28,98814.125,100303.7851758794,98416.88228643216,100204.47449748743,20002282
2025-10-29,99807.234375,100303.78777985075,98416.88484141791,99509.30233208956,20899788
2025-10-30,103382.421875,105070.70350024015,101296.89751440923,101694.14024975985,34570017
2025-10-31,106758.984375,107851.40188953489,102587.93568313954,104276.21729651163,54824564
2025-11-03,110334.1640625,110731.40677739649,105765.87284119037,106163.11555608686,30110066
2025-11-04,104176.90625,111625.20745948522,104176.90625,111029.3433627264,30450281
2025-11-05,99906.5390625,101296.88851267395,96033.4227370154,100303.7817625497,44843020
2025-11-06,98516.203125,103084.49480216735,98118.96037046371,102985.18411353327,28655689
2025-11-07,97225.15625,99608.61258299285,95636.1853613381,95735.49604187947,22908083
2025-11-10,99906.5390625,100303.7817625497,97225.1508371645,97920.32556225148,23842327
2025-11-11,102786.5546875,105269.32170893719,101296.89447463768,102985.17604921498,27742542
2025-11-12,102389.3125,103183.79795101842,100899.65227934044,102290.0018186227,19413497
2025-11-13,102091.3828125,103481.73238387646,101594.82939415127,101793.45076149076,20838741
2025-11-14,96529.9765625,98913.43277391975,96529.9765625,98317.5687210648,21806342
2025-11-17,99906.5390625,100303.7817625497,98814.12163736332,99112.05366240059,17192584
2025-11-18,97125.8515625,100204.4828492459,96827.91950249232,99112.06529588446,18684068
2025-11-19,95834.8046875,96827.91147182642,93947.90179727979,96430.66875809585,18993346
2025-11-20,99906.5390625,102190.68458778578,98814.12163736332,100204.47108753727,25360435
2025-11-21,94146.5234375,96132.7370121308,93848.59140130537,94941.00886735231,23103574
2025-11-24,96033.4296875,98317.57537810238,95536.87627649949,97125.84719170115,29831172
2025-11-25,98615.5078125,100701.03214690332,97125.84757364048,100701.03214690332,16110054
2025-11-26,102091.3828125,102190.69349616974,98615.50888405884,99807.23708809582,21314975
2025-11-27,102786.5546875,104772.76830464976,101992.06924064009,103382.41877264493,16453004
2025-11-28,99807.234375,103084.48684701492,99807.234375,103084.48684701492,15292277
2025-12-01,100105.171875,102091.38560267857,99211.37569754464,101296.90011160714,10905526
2025-12-02,102687.2421875,102786.55286659817,100303.7858891441,100502.40724734042,13649487
2025-12-03,103779.65625,104772.76300837321,103283.1028708134,103978.27760167464,14697927
2025-12-04,104375.53125,104375.53125,102488.6282112274,103183.80301498572,11931145
2025-12-05,107652.78125,107652.78125,103878.9752652214,104574.15005189113,19755571
2025-12-08,108745.1953125,109241.74871575343,107255.53510273973,108943.81667380137,15527762
2025-12-09,107652.78125,108645.88808809963,106560.36372809041,108149.33466904981,13671800
2025-12-10,107255.5390625,109043.13138020833,106659.67495659721,107553.4711154514,12365092
2025-12-11,106560.359375,109738.30112709693,106560.359375,108447.26229030755,22994507
2025-12-12,108149.3359375,108149.3359375,106063.8115530303,106361.74360795454,14210314
2025-12-15,104077.59375,105070.7005605916,103878.97238788169,104574.14715529581,20594654
2025-12-16,102091.3828125,104872.08195525291,101992.07212883024,104176.90716956469,18852079
2025-12-17,107156.2265625,107354.84792776876,102687.24584395273,102786.55652658711,22297611
2025-12-18,106858.296875,107454.16098396841,104971.39386326673,105666.56865706321,20445631
2025-12-19,105567.25,108943.81302916275,105467.93932267168,108943.81302916275,25917098
2025-12-22,109738.3046875,109738.3046875,108546.57649179864,108943.81922369909,24859171
2025-12-23,110731.4140625,111724.52091507846,109638.99652466367,110135.54995095292,20419187
2025-12-24,110334.1640625,111625.20288591359,110135.54270505176,111625.20288591359,12492939
2025-12-26,116193.4921875,116193.4921875,111625.20104166666,111625.20104166666,34018174
2025-12-29,119253.171875,119452.75877353556,117955.85703451883,119153.37842573223,19676004
2025-12-30,119652.34375,120949.65856964137,118454.82237802335,118853.99616868224,19746349
2026-01-02,128234.578125,128234.578125,119951.72210603113,119951.72210603113,30463279
2026-01-05,137814.75,138313.71723388848,133324.04489500364,134321.9793627806,42863376
2026-01-06,138613.09375,139012.26752609792,132425.90022048235,135020.5297651188,45321341
2026-01-07,140708.765625,144101.74295212765,137315.78829787235,143203.6018949468,46317413
2026-01-08,138513.296875,144201.52304349784,138014.32966723703,138014.32966723703,41449329
2026-01-09,138712.890625,140409.3792153777,134920.73965827338,135719.08723021584,29520566
2026-01-12,138513.296875,141706.68700468302,136617.22148550072,140708.75258915705,26271134
2026-01-13,137315.78125,139910.41083757268,136617.2271302689,139511.23705486918,22384699
2026-01-14,140010.203125,140010.203125,136517.43255523877,136717.01944493942,18444394
2026-01-15,143602.765625,143702.5590687978,138014.33277232453,138712.88687890896,24701126
2026-01-16,148592.4375,149191.1981615178,144001.93909503022,144999.87353089324,30000219
2026-01-19,148991.609375,150288.92412508372,146297.1864325184,146895.9470864032,22762497
2026-01-20,144900.078125,148991.60925662878,143602.76337594696,148193.26171875,24059218
2026-01-21,149191.203125,149490.58346571904,141507.1077132107,141606.90116011706,31703610
2026-01-22,151985.421875,156675.71394862115,150488.52014937624,154679.8449811228,32073624
2026-01-23,151785.828125,155677.77243589744,149789.9592476167,154380.45766559828,25407497
2026-01-26,151785.828125,156076.9462113741,151187.06746178502,154580.04455333663,20561689
2026-01-27,159170.546875,159170.546875,148891.82190438872,150189.1367065047,29423670
2026-01-28,162064.5625,162962.70354833745,159869.10660406406,162264.14939963055,29456431
2026-01-29,160368.0625,166255.87562227753,156775.4985609832,165856.70185127566,36087223
2026-01-30,160168.484375,166156.09126752338,159769.3105821651,159769.3105821651,40557267
2026-02-02,150089.34375,159270.34084109042,150089.34375,155378.39642204123,39748369
2026-02-03,167154.015625,167154.015625,156875.29108208956,157573.8451772388,36529813
2026-02-04,168750.71875,169050.0990907747,162763.11193450622,163162.2857222058,29943042
2026-02-05,158970.953125,163661.24489956058,158172.60558890458,161665.37605932204,38435228
2026-02-06,158272.40625,159968.8948415826,151286.86499054224,153781.7011546343,36358081
2026-02-09,166056.296875,168351.5461707482,164659.18860802284,168251.75272310697,25098971
2026-02-10,165457.53125,167752.7804772316,165158.15091601328,167054.2263645959,19369566
2026-02-11,167453.40625,168251.7538364124,161665.38624851013,163661.2552145411,22760242
2026-02-12,178231.09375,179229.02820548712,169748.65087835945,170846.37877939528,41296011
2026-02-13,180825.71875,184019.10892660043,178530.46956056842,179129.230218681,34454192
2026-02-19,189607.546875,190505.68788651316,186713.53694901316,187611.67796052631,27049388
2026-02-20,189707.34375,189906.93064505522,188210.44203708574,189607.55030247237,24213880
2026-02-23,192601.34375,197191.8420984456,190106.50769106217,193998.45194300517,26364684
2026-02-24,199586.890625,199586.890625,191603.41499999998,192601.349453125,28060617
2026-02-25,203079.65625,205574.49232186732,200584.82017813268,202081.72182125307,26987996
2026-02-26,217549.71875,218547.6532396789,205574.5048738532,206073.47211869265,30095763
2026-02-27,216052.8125,222539.3865473441,209566.23845265587,209566.23845265587,51774768
2026-03-03,194697.015625,212061.0754500897,194697.015625,209067.2720319708,54879010
2026-03-04,171844.3125,195495.35899390242,171544.93216463414,183819.52591463414,89427954
2026-03-05,191204.25,199287.5194415449,187711.47925365347,194597.22729645096,53959129
2026-03-06,187811.265625,189308.16731701646,180626.13750332093,185715.60325617692,29522650
2026-03-09,173141.625,175137.4938760807,166954.43148414986,173141.625,43066020
2026-03-10,187511.890625,191104.4547881187,183919.3264618813,187212.51027807346,33530170
2026-03-11,189607.546875,194397.63226973685,187312.29762335526,192601.35024671053,24311356
2026-03-12,187511.890625,189607.5530534859,185516.0216454896,186214.57578831827,20440753
2026-03-13,183120.96875,185815.39172343325,179528.40478542235,179628.19822888283,19566331
2026-03-16,188310.234375,188609.61471581878,183220.7685810811,184218.70305047696,19747901
2026-03-17,193499.484375,197591.01550412583,192701.13683760958,197591.01550412583,20300082
2026-03-18,208069.328125,208568.29533872902,199287.50516336932,200085.85270533574,25148481
2026-03-19,200085.859375,204576.56444825436,199187.71836034913,199487.0986985661,19884483
2026-03-20,198988.125,202081.72172768306,198588.95122868606,201582.75451354063,35279762
2026-03-23,185915.1875,190805.0662909286,185915.1875,190106.5121779388,30268173
2026-03-24,189308.171875,195595.15913284133,185116.8470364391,195096.19189015552,25458914
2026-03-25,188609.609375,195994.324239418,188609.609375,193299.90124834655,22995904
2026-03-26,179728.0,185516.01998889507,178530.47862298723,185116.84619655748,32074131
2026-03-27,179728.0,181324.69516935037,171644.73070516382,171744.5241532482,29138966
2026-03-30,176300.0,176650.0,170600.0,171000.0,22269147
2026-03-31,167200.0,174700.0,167000.0,170000.0,38659593
2026-04-01,189650.0,190800.0,178000.0,179000.0,32390251
2026-04-02,178400.0,193600.0,175000.0,192600.0,38615231
2026-04-03,186200.0,187200.0,182700.0,184200.0,20194447
2026-04-06,193100.0,194600.0,190100.0,190900.0,20635958
2026-04-07,196500.0,202500.0,192400.0,202000.0,30848053
2026-04-08,210500.0,214500.0,207500.0,214000.0,35890973
2026-04-09,204000.0,207500.0,202000.0,207000.0,42320839
2026-04-10,206000.0,211000.0,205500.0,208500.0,18244459
2026-04-13,201000.0,203000.0,198200.0,198200.0,19603415
2026-04-14,206500.0,210000.0,205500.0,208000.0,23672078
2026-04-15,211000.0,215500.0,210000.0,215000.0,24092884
2026-04-16,217500.0,218000.0,210500.0,212000.0,21499788
2026-04-17,216000.0,218000.0,215000.0,217000.0,18079322
2026-04-20,214500.0,219000.0,213000.0,214500.0,17107741
2026-04-21,219000.0,220000.0,216000.0,218000.0,16752132
2026-04-22,217500.0,222500.0,215500.0,218500.0,16823480
2026-04-23,224500.0,229500.0,216000.0,223000.0,34525485
2026-04-24,219500.0,225000.0,216500.0,224000.0,19626666
2026-04-27,224500.0,226000.0,218500.0,220000.0,22870374
2026-04-28,222000.0,226000.0,221500.0,224000.0,18444490
2026-04-29,226000.0,228000.0,218500.0,219500.0,20363756
2026-04-30,220500.0,230000.0,220500.0,229000.0,22161975
2026-05-04,232500.0,232500.0,224000.0,228000.0,32920816
2026-05-06,266000.0,270000.0,251000.0,254000.0,53097996
2026-05-07,271500.0,277000.0,260000.0,272000.0,41404687
2026-05-08,268500.0,270000.0,260000.0,260000.0,25875880
2026-05-11,285500.0,288500.0,280000.0,284500.0,36031094
2026-05-12,279000.0,291500.0,266000.0,290000.0,41211149
2026-05-13,284000.0,285500.0,262000.0,264000.0,35540134
2026-05-14,296000.0,299500.0,282000.0,282000.0,39314752
2026-05-15,270500.0,296500.0,266000.0,291000.0,38075487
2026-05-18,281000.0,288500.0,262000.0,269500.0,33555214
2026-05-19,275500.0,281500.0,266000.0,274000.0,30767569
2026-05-20,276000.0,282500.0,263500.0,278000.0,35662077
2026-05-21,299500.0,299500.0,287000.0,291000.0,36168689
2026-05-22,292500.0,300500.0,292000.0,300000.0,18395274
2026-05-26,299000.0,302000.0,297500.0,298000.0,23441371
2026-05-27,307000.0,323000.0,306000.0,321500.0,33916688
2026-05-28,299500.0,306500.0,287500.0,305000.0,30195334
2026-05-29,317000.0,319000.0,305500.0,309500.0,37241537
2026-06-01,349000.0,354500.0,319500.0,319500.0,45052488
2026-06-02,360500.0,370000.0,342000.0,360500.0,44720282
2026-06-04,351500.0,366000.0,348000.0,349000.0,34771037
2026-06-05,329000.0,343000.0,325000.0,333500.0,33725012
2026-06-08,295500.0,315500.0,292500.0,293000.0,38929682
2026-06-09,322000.0,324000.0,300000.0,310000.0,30124249
2026-06-10,302500.0,314500.0,295250.0,311000.0,1191
2026-06-11,299000.0,306500.0,287500.0,290500.0,31420307
2026-06-12,322500.0,339000.0,320000.0,326000.0,31006148
2026-06-15,337000.0,344500.0,334000.0,342500.0,21500067
2026-06-16,343000.0,345500.0,332500.0,343000.0,17548685
2026-06-17,346500.0,348000.0,331500.0,332000.0,18134051
2026-06-18,362500.0,363000.0,344500.0,345000.0,32764450
2026-06-19,354000.0,374500.0,346250.0,372500.0,43284898
2026-06-22,353500.0,363000.0,342000.0,343000.0,24330451
2026-06-23,310000.0,353000.0,310000.0,347500.0,41266630
2026-06-24,340500.0,341000.0,314000.0,314000.0,47809959
2026-06-25,358500.0,362500.0,352000.0,359500.0,36157158
2026-06-26,339500.0,356500.0,321500.0,354000.0,39735951
2026-06-29,323000.0,335500.0,316000.0,331000.0,35436521
2026-06-30,334000.0,343000.0,321000.0,323500.0,29237216
2026-07-01,314500.0,339000.0,311500.0,334500.0,24968382
